"2021-12-07 23:01:10" 616	w	Pressed "Move Forward"
"2021-12-07 23:01:11" 126	w	Pressed "Move Forward"
"2021-12-07 23:01:11" 157	w	Pressed "Move Forward"
"2021-12-07 23:01:11" 190	w	Pressed "Move Forward"
"2021-12-07 23:01:31" 286	w	Pressed "Move Forward"
"2021-12-07 23:01:32" 077	a	Pressed "Move Left"
"2021-12-07 23:01:32" 470	w	Pressed "Move Forward"
"2021-12-07 23:01:33" 598	a	Pressed "Move Left"
"2021-12-07 23:01:33" 917	w	Pressed "Move Forward"
"2021-12-07 23:01:34" 433	w	Pressed "Move Forward"
"2021-12-07 23:01:34" 463	w	Pressed "Move Forward"
"2021-12-07 23:01:34" 495	w	Pressed "Move Forward"
"2021-12-07 23:01:34" 524	w	Pressed "Move Forward"
"2021-12-07 23:01:34" 554	w	Pressed "Move Forward"
"2021-12-07 23:01:34" 587	w	Pressed "Move Forward"
"2021-12-07 23:01:34" 618	w	Pressed "Move Forward"
"2021-12-07 23:01:34" 663	w	Pressed "Move Forward"
"2021-12-07 23:01:34" 693	w	Pressed "Move Forward"
"2021-12-07 23:01:34" 725	w	Pressed "Move Forward"
"2021-12-07 23:01:34" 757	w	Pressed "Move Forward"
"2021-12-07 23:01:34" 787	w	Pressed "Move Forward"
"2021-12-07 23:01:34" 819	w	Pressed "Move Forward"
"2021-12-07 23:01:34" 850	w	Pressed "Move Forward"
"2021-12-07 23:01:34" 880	w	Pressed "Move Forward"
"2021-12-07 23:01:34" 927	w	Pressed "Move Forward"
"2021-12-07 23:01:34" 957	w	Pressed "Move Forward"
"2021-12-07 23:01:34" 986	w	Pressed "Move Forward"
"2021-12-07 23:01:35" 017	w	Pressed "Move Forward"
"2021-12-07 23:01:35" 049	w	Pressed "Move Forward"
"2021-12-07 23:01:35" 078	w	Pressed "Move Forward"
"2021-12-07 23:01:35" 125	w	Pressed "Move Forward"
"2021-12-07 23:01:35" 156	w	Pressed "Move Forward"
"2021-12-07 23:01:35" 188	w	Pressed "Move Forward"
"2021-12-07 23:01:35" 708	w	Pressed "Move Forward"
"2021-12-07 23:01:35" 738	w	Pressed "Move Forward"
"2021-12-07 23:01:35" 784	w	Pressed "Move Forward"
"2021-12-07 23:01:35" 815	w	Pressed "Move Forward"
"2021-12-07 23:01:35" 846	w	Pressed "Move Forward"
"2021-12-07 23:01:35" 876	w	Pressed "Move Forward"
"2021-12-07 23:01:35" 906	w	Pressed "Move Forward"
"2021-12-07 23:01:35" 952	w	Pressed "Move Forward"
"2021-12-07 23:01:35" 982	w	Pressed "Move Forward"
"2021-12-07 23:01:36" 013	w	Pressed "Move Forward"
"2021-12-07 23:01:36" 042	w	Pressed "Move Forward"
"2021-12-07 23:01:36" 075	w	Pressed "Move Forward"
"2021-12-07 23:01:36" 105	w	Pressed "Move Forward"
"2021-12-07 23:01:36" 135	w	Pressed "Move Forward"
"2021-12-07 23:01:36" 183	w	Pressed "Move Forward"
"2021-12-07 23:01:36" 213	w	Pressed "Move Forward"
"2021-12-07 23:01:36" 221	d	Pressed "Move Right"
"2021-12-07 23:01:37" 765	d	Pressed "Move Right"
"2021-12-07 23:01:39" 054	a	Pressed "Move Left"
"2021-12-07 23:01:39" 893	w	Pressed "Move Forward"
"2021-12-07 23:01:40" 453	d	Pressed "Move Right"
"2021-12-07 23:01:40" 551	a	Pressed "Move Left"
"2021-12-07 23:01:41" 230	w	Pressed "Move Forward"
"2021-12-07 23:01:41" 774	d	Pressed "Move Right"
"2021-12-07 23:01:42" 429	d	Pressed "Move Right"
"2021-12-07 23:01:43" 093	d	Pressed "Move Right"
"2021-12-07 23:01:43" 126	d	Pressed "Move Right"
"2021-12-07 23:01:43" 157	d	Pressed "Move Right"
"2021-12-07 23:01:43" 188	d	Pressed "Move Right"
"2021-12-07 23:01:43" 219	d	Pressed "Move Right"
"2021-12-07 23:01:43" 250	d	Pressed "Move Right"
"2021-12-07 23:01:43" 294	d	Pressed "Move Right"
"2021-12-07 23:01:43" 325	d	Pressed "Move Right"
"2021-12-07 23:01:43" 356	d	Pressed "Move Right"
"2021-12-07 23:01:43" 389	d	Pressed "Move Right"
"2021-12-07 23:01:43" 417	d	Pressed "Move Right"
"2021-12-07 23:01:43" 447	d	Pressed "Move Right"
"2021-12-07 23:01:43" 479	d	Pressed "Move Right"
"2021-12-07 23:01:43" 525	d	Pressed "Move Right"
"2021-12-07 23:01:43" 555	d	Pressed "Move Right"
"2021-12-07 23:01:43" 586	d	Pressed "Move Right"
"2021-12-07 23:01:43" 617	d	Pressed "Move Right"
"2021-12-07 23:01:43" 630	w	Pressed "Move Forward"
"2021-12-07 23:01:43" 950	a	Pressed "Move Left"
"2021-12-07 23:01:44" 550	d	Pressed "Move Right"
"2021-12-07 23:01:45" 116	d	Pressed "Move Right"
"2021-12-07 23:01:45" 144	d	Pressed "Move Right"
"2021-12-07 23:01:45" 176	d	Pressed "Move Right"
"2021-12-07 23:01:45" 198	a	Pressed "Move Left"
"2021-12-07 23:01:46" 025	d	Pressed "Move Right"
"2021-12-07 23:01:46" 230	a	Pressed "Move Left"
"2021-12-07 23:01:46" 414	d	Pressed "Move Right"
"2021-12-07 23:01:47" 800	w	Pressed "Move Forward"
"2021-12-07 23:01:48" 374	w	Pressed "Move Forward"
"2021-12-07 23:01:48" 405	w	Pressed "Move Forward"
"2021-12-07 23:01:48" 436	w	Pressed "Move Forward"
"2021-12-07 23:01:48" 483	w	Pressed "Move Forward"
"2021-12-07 23:01:48" 514	w	Pressed "Move Forward"
"2021-12-07 23:01:48" 547	w	Pressed "Move Forward"
"2021-12-07 23:01:48" 578	w	Pressed "Move Forward"
"2021-12-07 23:01:48" 609	w	Pressed "Move Forward"
"2021-12-07 23:01:48" 640	w	Pressed "Move Forward"
"2021-12-07 23:01:48" 672	w	Pressed "Move Forward"
"2021-12-07 23:01:48" 702	w	Pressed "Move Forward"
"2021-12-07 23:01:48" 747	w	Pressed "Move Forward"
"2021-12-07 23:01:48" 776	d	Pressed "Move Right"
"2021-12-07 23:01:50" 183	a	Pressed "Move Left"
"2021-12-07 23:01:50" 941	w	Pressed "Move Forward"
"2021-12-07 23:01:51" 629	w	Pressed "Move Forward"
"2021-12-07 23:01:52" 143	w	Pressed "Move Forward"
"2021-12-07 23:01:52" 172	w	Pressed "Move Forward"
"2021-12-07 23:01:52" 203	w	Pressed "Move Forward"
"2021-12-07 23:01:52" 234	w	Pressed "Move Forward"
"2021-12-07 23:01:52" 266	w	Pressed "Move Forward"
"2021-12-07 23:01:52" 308	w	Pressed "Move Forward"
"2021-12-07 23:01:52" 339	w	Pressed "Move Forward"
"2021-12-07 23:01:52" 369	w	Pressed "Move Forward"
"2021-12-07 23:01:52" 398	w	Pressed "Move Forward"
"2021-12-07 23:01:52" 430	w	Pressed "Move Forward"
"2021-12-07 23:01:52" 474	w	Pressed "Move Forward"
"2021-12-07 23:01:52" 846	a	Pressed "Move Left"
"2021-12-07 23:01:53" 317	w	Pressed "Move Forward"
"2021-12-07 23:01:53" 997	a	Pressed "Move Left"
"2021-12-07 23:01:54" 294	w	Pressed "Move Forward"
"2021-12-07 23:01:54" 718	d	Pressed "Move Right"
"2021-12-07 23:01:56" 421	a	Pressed "Move Left"
"2021-12-07 23:01:56" 934	w	Pressed "Move Forward"
"2021-12-07 23:01:57" 680	w	Pressed "Move Forward"
"2021-12-07 23:01:57" 710	w	Pressed "Move Forward"
"2021-12-07 23:01:57" 741	w	Pressed "Move Forward"
"2021-12-07 23:01:57" 786	w	Pressed "Move Forward"
"2021-12-07 23:01:57" 817	w	Pressed "Move Forward"
"2021-12-07 23:01:58" 455	d	Pressed "Move Right"
"2021-12-07 23:01:58" 957	d	Pressed "Move Right"
"2021-12-07 23:01:58" 988	d	Pressed "Move Right"
"2021-12-07 23:01:58" 989	a	Pressed "Move Left"
"2021-12-07 23:01:59" 367	d	Pressed "Move Right"
"2021-12-07 23:01:59" 997	w	Pressed "Move Forward"
"2021-12-07 23:02:00" 806	a	Pressed "Move Left"
"2021-12-07 23:02:01" 254	d	Pressed "Move Right"
"2021-12-07 23:02:04" 087	w	Pressed "Move Forward"
"2021-12-07 23:02:04" 454	a	Pressed "Move Left"
"2021-12-07 23:02:05" 877	a	Pressed "Move Left"
"2021-12-07 23:02:06" 199	a	Pressed "Move Left"
"2021-12-07 23:02:06" 974	a	Pressed "Move Left"
"2021-12-07 23:02:07" 703	w	Pressed "Move Forward"
"2021-12-07 23:02:08" 208	w	Pressed "Move Forward"
"2021-12-07 23:02:08" 238	w	Pressed "Move Forward"
"2021-12-07 23:02:08" 270	w	Pressed "Move Forward"
"2021-12-07 23:02:08" 315	w	Pressed "Move Forward"
"2021-12-07 23:02:08" 344	w	Pressed "Move Forward"
"2021-12-07 23:02:08" 376	w	Pressed "Move Forward"
"2021-12-07 23:02:08" 486	d	Pressed "Move Right"
"2021-12-07 23:02:30" 935	a	Pressed "Move Left"
"2021-12-07 23:02:30" 936	w	Pressed "Move Forward"
"2021-12-07 23:02:31" 166	d	Pressed "Move Right"
"2021-12-07 23:02:31" 752	d	Pressed "Move Right"
"2021-12-07 23:02:31" 783	d	Pressed "Move Right"
"2021-12-07 23:02:31" 797	a	Pressed "Move Left"
"2021-12-07 23:02:33" 321	w	Pressed "Move Forward"
"2021-12-07 23:02:34" 070	a	Pressed "Move Left"
"2021-12-07 23:02:38" 045	a	Pressed "Move Left"
"2021-12-07 23:02:38" 517	d	Pressed "Move Right"
"2021-12-07 23:02:38" 638	a	Pressed "Move Left"
"2021-12-07 23:02:39" 366	d	Pressed "Move Right"
"2021-12-07 23:02:41" 069	a	Pressed "Move Left"
"2021-12-07 23:02:42" 381	a	Pressed "Move Left"
"2021-12-07 23:02:43" 286	a	Pressed "Move Left"
"2021-12-07 23:02:43" 957	d	Pressed "Move Right"
"2021-12-07 23:02:49" 054	w	Pressed "Move Forward"
"2021-12-07 23:02:50" 269	d	Pressed "Move Right"
"2021-12-07 23:02:50" 982	d	Pressed "Move Right"
"2021-12-07 23:02:52" 230	w	Pressed "Move Forward"
"2021-12-07 23:02:53" 917	d	Pressed "Move Right"
"2021-12-07 23:02:54" 597	d	Pressed "Move Right"
"2021-12-07 23:02:55" 350	d	Pressed "Move Right"
"2021-12-07 23:02:57" 166	d	Pressed "Move Right"
"2021-12-07 23:02:57" 901	d	Pressed "Move Right"
"2021-12-07 23:02:58" 669	d	Pressed "Move Right"
"2021-12-07 23:02:59" 670	d	Pressed "Move Right"
"2021-12-07 23:03:00" 063	w	Pressed "Move Forward"
"2021-12-07 23:03:00" 485	d	Pressed "Move Right"
"2021-12-07 23:03:01" 238	d	Pressed "Move Right"
"2021-12-07 23:03:02" 934	d	Pressed "Move Right"
"2021-12-07 23:03:03" 661	d	Pressed "Move Right"
"2021-12-07 23:03:03" 967	a	Pressed "Move Left"
"2021-12-07 23:03:04" 472	a	Pressed "Move Left"
"2021-12-07 23:03:04" 504	a	Pressed "Move Left"
"2021-12-07 23:03:04" 534	a	Pressed "Move Left"
"2021-12-07 23:03:04" 580	a	Pressed "Move Left"
"2021-12-07 23:03:04" 610	a	Pressed "Move Left"
"2021-12-07 23:03:04" 641	a	Pressed "Move Left"
"2021-12-07 23:03:04" 672	a	Pressed "Move Left"
"2021-12-07 23:03:04" 704	a	Pressed "Move Left"
"2021-12-07 23:03:04" 734	a	Pressed "Move Left"
"2021-12-07 23:03:04" 767	a	Pressed "Move Left"
"2021-12-07 23:03:04" 797	a	Pressed "Move Left"
"2021-12-07 23:03:04" 829	a	Pressed "Move Left"
"2021-12-07 23:03:04" 875	a	Pressed "Move Left"
"2021-12-07 23:03:04" 905	a	Pressed "Move Left"
"2021-12-07 23:03:04" 936	a	Pressed "Move Left"
"2021-12-07 23:03:04" 966	a	Pressed "Move Left"
"2021-12-07 23:03:04" 997	a	Pressed "Move Left"
"2021-12-07 23:03:05" 026	a	Pressed "Move Left"
"2021-12-07 23:03:05" 072	a	Pressed "Move Left"
"2021-12-07 23:03:05" 438	d	Pressed "Move Right"
"2021-12-07 23:03:05" 865	a	Pressed "Move Left"
"2021-12-07 23:03:06" 302	w	Pressed "Move Forward"
"2021-12-07 23:03:07" 950	w	Pressed "Move Forward"
"2021-12-07 23:03:08" 645	a	Pressed "Move Left"
"2021-12-07 23:03:08" 982	w	Pressed "Move Forward"
"2021-12-07 23:03:09" 489	w	Pressed "Move Forward"
"2021-12-07 23:03:09" 521	w	Pressed "Move Forward"
"2021-12-07 23:03:09" 553	w	Pressed "Move Forward"
"2021-12-07 23:03:09" 585	w	Pressed "Move Forward"
"2021-12-07 23:03:09" 619	w	Pressed "Move Forward"
"2021-12-07 23:03:09" 649	w	Pressed "Move Forward"
"2021-12-07 23:03:09" 693	w	Pressed "Move Forward"
"2021-12-07 23:03:14" 486	a	Pressed "Move Left"
"2021-12-07 23:03:14" 918	d	Pressed "Move Right"
"2021-12-07 23:03:15" 426	d	Pressed "Move Right"
"2021-12-07 23:03:15" 456	d	Pressed "Move Right"
"2021-12-07 23:03:15" 488	d	Pressed "Move Right"
"2021-12-07 23:03:15" 519	d	Pressed "Move Right"
"2021-12-07 23:03:15" 565	d	Pressed "Move Right"
"2021-12-07 23:03:15" 596	d	Pressed "Move Right"
"2021-12-07 23:03:15" 628	d	Pressed "Move Right"
"2021-12-07 23:03:15" 656	d	Pressed "Move Right"
"2021-12-07 23:03:15" 686	d	Pressed "Move Right"
"2021-12-07 23:03:15" 717	d	Pressed "Move Right"
"2021-12-07 23:03:15" 749	d	Pressed "Move Right"
"2021-12-07 23:03:15" 793	d	Pressed "Move Right"
"2021-12-07 23:03:15" 825	d	Pressed "Move Right"
"2021-12-07 23:03:15" 857	d	Pressed "Move Right"
"2021-12-07 23:03:15" 887	d	Pressed "Move Right"
"2021-12-07 23:03:15" 918	d	Pressed "Move Right"
"2021-12-07 23:03:15" 948	d	Pressed "Move Right"
"2021-12-07 23:03:15" 993	d	Pressed "Move Right"
"2021-12-07 23:03:16" 023	d	Pressed "Move Right"
"2021-12-07 23:03:16" 053	d	Pressed "Move Right"
"2021-12-07 23:03:16" 084	d	Pressed "Move Right"
"2021-12-07 23:03:16" 114	d	Pressed "Move Right"
"2021-12-07 23:03:16" 146	d	Pressed "Move Right"
"2021-12-07 23:03:16" 190	d	Pressed "Move Right"
"2021-12-07 23:03:16" 221	d	Pressed "Move Right"
"2021-12-07 23:03:16" 424	a	Pressed "Move Left"
"2021-12-07 23:03:16" 703	d	Pressed "Move Right"
"2021-12-07 23:03:16" 774	a	Pressed "Move Left"
"2021-12-07 23:03:16" 983	d	Pressed "Move Right"
"2021-12-07 23:03:17" 198	w	Pressed "Move Forward"
"2021-12-07 23:03:17" 742	w	Pressed "Move Forward"
"2021-12-07 23:03:17" 774	w	Pressed "Move Forward"
"2021-12-07 23:03:17" 804	w	Pressed "Move Forward"
"2021-12-07 23:03:17" 836	w	Pressed "Move Forward"
"2021-12-07 23:03:17" 867	w	Pressed "Move Forward"
"2021-12-07 23:03:17" 895	w	Pressed "Move Forward"
"2021-12-07 23:03:17" 942	w	Pressed "Move Forward"
"2021-12-07 23:03:17" 965	d	Pressed "Move Right"
"2021-12-07 23:03:18" 774	d	Pressed "Move Right"
"2021-12-07 23:03:19" 229	a	Pressed "Move Left"
"2021-12-07 23:03:20" 238	a	Pressed "Move Left"
"2021-12-07 23:03:20" 478	a	Pressed "Move Left"
"2021-12-07 23:03:20" 726	d	Pressed "Move Right"
"2021-12-07 23:03:20" 805	a	Pressed "Move Left"
"2021-12-07 23:03:20" 926	w	Pressed "Move Forward"
"2021-12-07 23:03:23" 982	w	Pressed "Move Forward"
"2021-12-07 23:03:24" 205	a	Pressed "Move Left"
"2021-12-07 23:03:24" 711	d	Pressed "Move Right"
"2021-12-07 23:03:25" 453	w	Pressed "Move Forward"
"2021-12-07 23:03:26" 237	a	Pressed "Move Left"
"2021-12-07 23:03:26" 774	w	Pressed "Move Forward"
"2021-12-07 23:03:27" 510	d	Pressed "Move Right"
"2021-12-07 23:03:27" 757	a	Pressed "Move Left"
"2021-12-07 23:03:29" 279	d	Pressed "Move Right"
"2021-12-07 23:03:29" 437	w	Pressed "Move Forward"
"2021-12-07 23:03:29" 774	d	Pressed "Move Right"
"2021-12-07 23:03:29" 965	d	Pressed "Move Right"
"2021-12-07 23:03:30" 357	d	Pressed "Move Right"
"2021-12-07 23:03:33" 430	d	Pressed "Move Right"
"2021-12-07 23:03:33" 685	w	Pressed "Move Forward"
"2021-12-07 23:03:34" 416	w	Pressed "Move Forward"
"2021-12-07 23:03:34" 448	w	Pressed "Move Forward"
"2021-12-07 23:03:34" 479	w	Pressed "Move Forward"
"2021-12-07 23:03:34" 503	d	Pressed "Move Right"
"2021-12-07 23:03:34" 630	a	Pressed "Move Left"
"2021-12-07 23:03:34" 744	d	Pressed "Move Right"
"2021-12-07 23:03:35" 317	w	Pressed "Move Forward"
"2021-12-07 23:03:35" 782	d	Pressed "Move Right"
"2021-12-07 23:04:38" 150	w	Pressed "Move Forward"
"2021-12-07 23:04:38" 573	a	Pressed "Move Left"
"2021-12-07 23:04:38" 878	w	Pressed "Move Forward"
"2021-12-07 23:04:39" 563	w	Pressed "Move Forward"
"2021-12-07 23:04:39" 592	w	Pressed "Move Forward"
"2021-12-07 23:04:39" 623	w	Pressed "Move Forward"
"2021-12-07 23:04:39" 656	w	Pressed "Move Forward"
"2021-12-07 23:04:39" 687	a	Pressed "Move Left"
"2021-12-07 23:04:39" 998	w	Pressed "Move Forward"
"2021-12-07 23:04:40" 582	a	Pressed "Move Left"
"2021-12-07 23:04:42" 590	w	Pressed "Move Forward"
"2021-12-07 23:04:44" 654	w	Pressed "Move Forward"
"2021-12-07 23:04:50" 861	w	Pressed "Move Forward"
"2021-12-07 23:04:51" 502	d	Pressed "Move Right"
"2021-12-07 23:04:51" 886	w	Pressed "Move Forward"
"2021-12-07 23:04:52" 725	a	Pressed "Move Left"
"2021-12-07 23:04:54" 990	a	Pressed "Move Left"
"2021-12-07 23:04:55" 503	a	Pressed "Move Left"
"2021-12-07 23:04:55" 533	a	Pressed "Move Left"
"2021-12-07 23:04:55" 562	a	Pressed "Move Left"
"2021-12-07 23:04:55" 595	a	Pressed "Move Left"
"2021-12-07 23:04:55" 626	a	Pressed "Move Left"
"2021-12-07 23:04:55" 749	a	Pressed "Move Left"
"2021-12-07 23:04:56" 566	w	Pressed "Move Forward"
"2021-12-07 23:04:57" 007	d	Pressed "Move Right"
"2021-12-07 23:04:58" 990	w	Pressed "Move Forward"
"2021-12-07 23:04:59" 503	w	Pressed "Move Forward"
"2021-12-07 23:04:59" 533	w	Pressed "Move Forward"
"2021-12-07 23:04:59" 565	w	Pressed "Move Forward"
"2021-12-07 23:04:59" 597	w	Pressed "Move Forward"
"2021-12-07 23:04:59" 726	d	Pressed "Move Right"
"2021-12-07 23:05:00" 182	d	Pressed "Move Right"
"2021-12-07 23:05:00" 639	d	Pressed "Move Right"
"2021-12-07 23:05:01" 458	d	Pressed "Move Right"
"2021-12-07 23:05:01" 549	w	Pressed "Move Forward"
"2021-12-07 23:05:02" 014	a	Pressed "Move Left"
"2021-12-07 23:05:02" 462	d	Pressed "Move Right"
"2021-12-07 23:05:02" 503	w	Pressed "Move Forward"
"2021-12-07 23:05:02" 822	w	Pressed "Move Forward"
"2021-12-07 23:05:03" 134	d	Pressed "Move Right"
"2021-12-07 23:05:03" 246	a	Pressed "Move Left"
"2021-12-07 23:05:03" 462	d	Pressed "Move Right"
"2021-12-07 23:05:03" 653	a	Pressed "Move Left"
"2021-12-07 23:05:03" 789	d	Pressed "Move Right"
"2021-12-07 23:05:03" 943	w	Pressed "Move Forward"
"2021-12-07 23:05:04" 054	a	Pressed "Move Left"
"2021-12-07 23:05:04" 198	d	Pressed "Move Right"
"2021-12-07 23:05:04" 760	d	Pressed "Move Right"
"2021-12-07 23:05:04" 789	d	Pressed "Move Right"
"2021-12-07 23:05:04" 819	d	Pressed "Move Right"
"2021-12-07 23:05:04" 868	d	Pressed "Move Right"
"2021-12-07 23:05:04" 898	d	Pressed "Move Right"
"2021-12-07 23:05:04" 927	d	Pressed "Move Right"
"2021-12-07 23:05:04" 960	d	Pressed "Move Right"
"2021-12-07 23:05:04" 982	a	Pressed "Move Left"
"2021-12-07 23:05:06" 302	w	Pressed "Move Forward"
"2021-12-07 23:05:59" 167	w	Pressed "Move Forward"
"2021-12-07 23:05:59" 682	w	Pressed "Move Forward"
"2021-12-07 23:05:59" 711	w	Pressed "Move Forward"
"2021-12-07 23:05:59" 742	w	Pressed "Move Forward"
"2021-12-07 23:05:59" 775	w	Pressed "Move Forward"
"2021-12-07 23:05:59" 805	w	Pressed "Move Forward"
"2021-12-07 23:05:59" 830	a	Pressed "Move Left"
"2021-12-07 23:06:00" 336	a	Pressed "Move Left"
"2021-12-07 23:06:01" 358	w	Pressed "Move Forward"
"2021-12-07 23:06:06" 646	w	Pressed "Move Forward"
"2021-12-07 23:06:08" 006	a	Pressed "Move Left"
"2021-12-07 23:06:08" 293	w	Pressed "Move Forward"
"2021-12-07 23:06:09" 046	d	Pressed "Move Right"
"2021-12-07 23:06:09" 533	d	Pressed "Move Right"
"2021-12-07 23:06:09" 846	w	Pressed "Move Forward"
"2021-12-07 23:06:10" 447	w	Pressed "Move Forward"
"2021-12-07 23:06:10" 477	w	Pressed "Move Forward"
"2021-12-07 23:06:10" 510	w	Pressed "Move Forward"
"2021-12-07 23:06:10" 542	w	Pressed "Move Forward"
"2021-12-07 23:06:10" 587	w	Pressed "Move Forward"
"2021-12-07 23:06:10" 619	w	Pressed "Move Forward"
"2021-12-07 23:06:10" 649	w	Pressed "Move Forward"
"2021-12-07 23:06:10" 679	w	Pressed "Move Forward"
"2021-12-07 23:06:10" 710	w	Pressed "Move Forward"
"2021-12-07 23:06:10" 744	w	Pressed "Move Forward"
"2021-12-07 23:06:10" 774	w	Pressed "Move Forward"
"2021-12-07 23:06:10" 818	w	Pressed "Move Forward"
"2021-12-07 23:06:10" 849	w	Pressed "Move Forward"
"2021-12-07 23:06:10" 880	w	Pressed "Move Forward"
"2021-12-07 23:06:10" 910	w	Pressed "Move Forward"
"2021-12-07 23:06:10" 942	w	Pressed "Move Forward"
"2021-12-07 23:06:10" 973	w	Pressed "Move Forward"
"2021-12-07 23:06:11" 017	w	Pressed "Move Forward"
"2021-12-07 23:06:11" 047	w	Pressed "Move Forward"
"2021-12-07 23:06:11" 078	w	Pressed "Move Forward"
"2021-12-07 23:06:11" 109	w	Pressed "Move Forward"
"2021-12-07 23:06:11" 140	w	Pressed "Move Forward"
"2021-12-07 23:06:11" 170	w	Pressed "Move Forward"
"2021-12-07 23:06:11" 214	w	Pressed "Move Forward"
"2021-12-07 23:06:11" 246	w	Pressed "Move Forward"
"2021-12-07 23:06:11" 276	w	Pressed "Move Forward"
"2021-12-07 23:06:11" 308	w	Pressed "Move Forward"
"2021-12-07 23:06:11" 338	w	Pressed "Move Forward"
"2021-12-07 23:06:11" 370	w	Pressed "Move Forward"
"2021-12-07 23:06:11" 400	w	Pressed "Move Forward"
"2021-12-07 23:06:11" 445	w	Pressed "Move Forward"
"2021-12-07 23:06:11" 477	w	Pressed "Move Forward"
"2021-12-07 23:06:11" 509	w	Pressed "Move Forward"
"2021-12-07 23:06:11" 538	w	Pressed "Move Forward"
"2021-12-07 23:06:11" 608	d	Pressed "Move Right"
"2021-12-07 23:06:11" 911	a	Pressed "Move Left"
"2021-12-07 23:06:13" 094	d	Pressed "Move Right"
"2021-12-07 23:06:13" 597	d	Pressed "Move Right"
"2021-12-07 23:06:13" 629	d	Pressed "Move Right"
"2021-12-07 23:06:13" 675	d	Pressed "Move Right"
"2021-12-07 23:06:13" 705	d	Pressed "Move Right"
"2021-12-07 23:06:13" 735	d	Pressed "Move Right"
"2021-12-07 23:06:13" 766	d	Pressed "Move Right"
"2021-12-07 23:06:13" 797	d	Pressed "Move Right"
"2021-12-07 23:06:13" 826	d	Pressed "Move Right"
"2021-12-07 23:06:14" 069	d	Pressed "Move Right"
"2021-12-07 23:06:14" 998	a	Pressed "Move Left"
"2021-12-07 23:06:17" 366	d	Pressed "Move Right"
"2021-12-07 23:06:17" 867	d	Pressed "Move Right"
"2021-12-07 23:06:17" 913	d	Pressed "Move Right"
"2021-12-07 23:06:17" 945	d	Pressed "Move Right"
"2021-12-07 23:06:17" 977	d	Pressed "Move Right"
"2021-12-07 23:06:18" 009	d	Pressed "Move Right"
"2021-12-07 23:06:18" 040	d	Pressed "Move Right"
"2021-12-07 23:06:18" 072	d	Pressed "Move Right"
"2021-12-07 23:06:18" 103	d	Pressed "Move Right"
"2021-12-07 23:06:18" 135	d	Pressed "Move Right"
"2021-12-07 23:06:18" 164	d	Pressed "Move Right"
"2021-12-07 23:06:18" 211	d	Pressed "Move Right"
"2021-12-07 23:06:18" 734	w	Pressed "Move Forward"
"2021-12-07 23:06:19" 502	d	Pressed "Move Right"
"2021-12-07 23:06:19" 782	a	Pressed "Move Left"
"2021-12-07 23:06:20" 221	d	Pressed "Move Right"
"2021-12-07 23:06:20" 542	a	Pressed "Move Left"
"2021-12-07 23:06:21" 934	a	Pressed "Move Left"
"2021-12-07 23:06:22" 078	w	Pressed "Move Forward"
"2021-12-07 23:06:22" 750	d	Pressed "Move Right"
"2021-12-07 23:06:27" 030	w	Pressed "Move Forward"
"2021-12-07 23:06:27" 517	a	Pressed "Move Left"
"2021-12-07 23:06:28" 509	w	Pressed "Move Forward"
"2021-12-07 23:06:29" 237	w	Pressed "Move Forward"
"2021-12-07 23:06:29" 678	d	Pressed "Move Right"
"2021-12-07 23:06:30" 333	a	Pressed "Move Left"
"2021-12-07 23:06:30" 670	a	Pressed "Move Left"
"2021-12-07 23:06:30" 927	d	Pressed "Move Right"
"2021-12-07 23:06:31" 150	w	Pressed "Move Forward"
"2021-12-07 23:06:31" 181	a	Pressed "Move Left"
"2021-12-07 23:06:31" 733	a	Pressed "Move Left"
"2021-12-07 23:06:31" 765	a	Pressed "Move Left"
"2021-12-07 23:06:31" 795	a	Pressed "Move Left"
"2021-12-07 23:06:31" 843	a	Pressed "Move Left"
"2021-12-07 23:06:31" 875	a	Pressed "Move Left"
"2021-12-07 23:06:31" 905	a	Pressed "Move Left"
"2021-12-07 23:06:31" 938	a	Pressed "Move Left"
"2021-12-07 23:06:31" 968	a	Pressed "Move Left"
"2021-12-07 23:06:31" 998	a	Pressed "Move Left"
"2021-12-07 23:06:32" 028	a	Pressed "Move Left"
"2021-12-07 23:06:32" 061	a	Pressed "Move Left"
"2021-12-07 23:06:32" 107	a	Pressed "Move Left"
"2021-12-07 23:06:32" 138	a	Pressed "Move Left"
"2021-12-07 23:06:32" 168	a	Pressed "Move Left"
"2021-12-07 23:06:32" 198	a	Pressed "Move Left"
"2021-12-07 23:06:32" 229	a	Pressed "Move Left"
"2021-12-07 23:06:32" 262	a	Pressed "Move Left"
"2021-12-07 23:06:32" 293	a	Pressed "Move Left"
"2021-12-07 23:06:32" 338	a	Pressed "Move Left"
"2021-12-07 23:06:32" 369	a	Pressed "Move Left"
"2021-12-07 23:06:32" 400	a	Pressed "Move Left"
"2021-12-07 23:06:32" 430	a	Pressed "Move Left"
"2021-12-07 23:06:32" 460	a	Pressed "Move Left"
"2021-12-07 23:06:32" 491	a	Pressed "Move Left"
"2021-12-07 23:06:32" 522	a	Pressed "Move Left"
"2021-12-07 23:06:32" 569	a	Pressed "Move Left"
"2021-12-07 23:06:32" 599	a	Pressed "Move Left"
"2021-12-07 23:06:32" 630	a	Pressed "Move Left"
"2021-12-07 23:06:33" 013	w	Pressed "Move Forward"
"2021-12-07 23:06:33" 301	d	Pressed "Move Right"
"2021-12-07 23:06:33" 807	d	Pressed "Move Right"
"2021-12-07 23:06:33" 840	d	Pressed "Move Right"
"2021-12-07 23:06:33" 869	d	Pressed "Move Right"
"2021-12-07 23:06:33" 917	d	Pressed "Move Right"
"2021-12-07 23:06:33" 946	d	Pressed "Move Right"
"2021-12-07 23:06:33" 978	d	Pressed "Move Right"
"2021-12-07 23:06:34" 010	d	Pressed "Move Right"
"2021-12-07 23:06:34" 041	d	Pressed "Move Right"
"2021-12-07 23:06:34" 072	d	Pressed "Move Right"
"2021-12-07 23:06:34" 103	d	Pressed "Move Right"
"2021-12-07 23:06:34" 133	d	Pressed "Move Right"
"2021-12-07 23:06:34" 180	d	Pressed "Move Right"
"2021-12-07 23:06:34" 212	d	Pressed "Move Right"
"2021-12-07 23:06:34" 240	d	Pressed "Move Right"
"2021-12-07 23:06:34" 270	d	Pressed "Move Right"
"2021-12-07 23:06:34" 782	d	Pressed "Move Right"
"2021-12-07 23:06:34" 814	d	Pressed "Move Right"
"2021-12-07 23:06:34" 829	w	Pressed "Move Forward"
"2021-12-07 23:06:35" 176	a	Pressed "Move Left"
"2021-12-07 23:06:35" 681	a	Pressed "Move Left"
"2021-12-07 23:06:35" 711	a	Pressed "Move Left"
"2021-12-07 23:06:35" 740	a	Pressed "Move Left"
"2021-12-07 23:06:35" 861	d	Pressed "Move Right"
"2021-12-07 23:06:35" 966	a	Pressed "Move Left"
"2021-12-07 23:06:36" 253	d	Pressed "Move Right"
"2021-12-07 23:06:36" 453	a	Pressed "Move Left"
"2021-12-07 23:06:36" 606	w	Pressed "Move Forward"
"2021-12-07 23:06:36" 629	d	Pressed "Move Right"
"2021-12-07 23:06:37" 150	a	Pressed "Move Left"
"2021-12-07 23:06:37" 848	a	Pressed "Move Left"
"2021-12-07 23:06:38" 356	a	Pressed "Move Left"
"2021-12-07 23:06:38" 387	a	Pressed "Move Left"
"2021-12-07 23:06:38" 417	a	Pressed "Move Left"
"2021-12-07 23:06:38" 447	a	Pressed "Move Left"
"2021-12-07 23:06:38" 480	a	Pressed "Move Left"
"2021-12-07 23:06:38" 511	a	Pressed "Move Left"
"2021-12-07 23:06:38" 543	a	Pressed "Move Left"
"2021-12-07 23:06:38" 588	a	Pressed "Move Left"
"2021-12-07 23:06:38" 618	a	Pressed "Move Left"
"2021-12-07 23:06:38" 649	a	Pressed "Move Left"
"2021-12-07 23:06:38" 679	a	Pressed "Move Left"
"2021-12-07 23:06:38" 709	a	Pressed "Move Left"
"2021-12-07 23:06:38" 756	a	Pressed "Move Left"
"2021-12-07 23:06:38" 787	a	Pressed "Move Left"
"2021-12-07 23:06:38" 818	a	Pressed "Move Left"
"2021-12-07 23:06:38" 849	a	Pressed "Move Left"
"2021-12-07 23:06:38" 882	a	Pressed "Move Left"
"2021-12-07 23:06:38" 912	a	Pressed "Move Left"
"2021-12-07 23:06:38" 942	a	Pressed "Move Left"
"2021-12-07 23:06:38" 973	a	Pressed "Move Left"
"2021-12-07 23:06:39" 019	a	Pressed "Move Left"
"2021-12-07 23:06:39" 050	a	Pressed "Move Left"
"2021-12-07 23:06:39" 080	a	Pressed "Move Left"
"2021-12-07 23:06:39" 111	a	Pressed "Move Left"
"2021-12-07 23:06:39" 142	a	Pressed "Move Left"
"2021-12-07 23:06:39" 173	a	Pressed "Move Left"
"2021-12-07 23:06:39" 590	w	Pressed "Move Forward"
"2021-12-07 23:06:40" 686	w	Pressed "Move Forward"
"2021-12-07 23:06:41" 181	w	Pressed "Move Forward"
"2021-12-07 23:06:43" 127	d	Pressed "Move Right"
"2021-12-07 23:06:43" 156	d	Pressed "Move Right"
"2021-12-07 23:06:43" 205	a	Pressed "Move Left"
"2021-12-07 23:06:43" 573	d	Pressed "Move Right"
"2021-12-07 23:06:46" 488	d	Pressed "Move Right"
"2021-12-07 23:06:46" 517	d	Pressed "Move Right"
"2021-12-07 23:06:46" 549	d	Pressed "Move Right"
"2021-12-07 23:06:46" 580	d	Pressed "Move Right"
"2021-12-07 23:06:46" 610	d	Pressed "Move Right"
"2021-12-07 23:06:46" 643	d	Pressed "Move Right"
"2021-12-07 23:06:46" 675	d	Pressed "Move Right"
"2021-12-07 23:06:46" 719	d	Pressed "Move Right"
"2021-12-07 23:06:46" 749	d	Pressed "Move Right"
"2021-12-07 23:06:46" 781	d	Pressed "Move Right"
"2021-12-07 23:06:46" 813	d	Pressed "Move Right"
"2021-12-07 23:06:46" 844	d	Pressed "Move Right"
"2021-12-07 23:06:46" 876	d	Pressed "Move Right"
"2021-12-07 23:06:47" 990	a	Pressed "Move Left"
"2021-12-07 23:06:49" 341	w	Pressed "Move Forward"
"2021-12-07 23:06:52" 422	d	Pressed "Move Right"
"2021-12-07 23:06:53" 208	d	Pressed "Move Right"
"2021-12-07 23:06:53" 240	d	Pressed "Move Right"
"2021-12-07 23:06:53" 271	d	Pressed "Move Right"
"2021-12-07 23:06:53" 302	d	Pressed "Move Right"
"2021-12-07 23:06:53" 349	d	Pressed "Move Right"
"2021-12-07 23:06:53" 378	d	Pressed "Move Right"
"2021-12-07 23:06:53" 410	d	Pressed "Move Right"
"2021-12-07 23:06:53" 442	d	Pressed "Move Right"
"2021-12-07 23:06:53" 473	d	Pressed "Move Right"
"2021-12-07 23:06:53" 478	w	Pressed "Move Forward"
"2021-12-07 23:06:58" 734	d	Pressed "Move Right"
"2021-12-07 23:07:00" 246	a	Pressed "Move Left"
"2021-12-07 23:07:00" 277	w	Pressed "Move Forward"
"2021-12-07 23:07:00" 926	d	Pressed "Move Right"
"2021-12-07 23:07:01" 238	a	Pressed "Move Left"
"2021-12-07 23:07:02" 374	d	Pressed "Move Right"
"2021-12-07 23:07:03" 477	w	Pressed "Move Forward"
"2021-12-07 23:07:03" 807	a	Pressed "Move Left"
"2021-12-07 23:07:05" 718	w	Pressed "Move Forward"
"2021-12-07 23:07:06" 111	d	Pressed "Move Right"
"2021-12-07 23:07:06" 686	d	Pressed "Move Right"
"2021-12-07 23:07:07" 029	a	Pressed "Move Left"
"2021-12-07 23:07:07" 293	d	Pressed "Move Right"
"2021-12-07 23:07:07" 526	a	Pressed "Move Left"
"2021-12-07 23:07:07" 886	a	Pressed "Move Left"
"2021-12-07 23:07:08" 598	a	Pressed "Move Left"
"2021-12-07 23:07:08" 838	d	Pressed "Move Right"
"2021-12-07 23:07:09" 022	a	Pressed "Move Left"
"2021-12-07 23:07:09" 190	d	Pressed "Move Right"
"2021-12-07 23:07:09" 286	a	Pressed "Move Left"
"2021-12-07 23:07:09" 494	d	Pressed "Move Right"
"2021-12-07 23:07:09" 574	a	Pressed "Move Left"
"2021-12-07 23:07:50" 158	w	Pressed "Move Forward"
"2021-12-07 23:07:50" 814	d	Pressed "Move Right"
"2021-12-07 23:07:51" 606	d	Pressed "Move Right"
"2021-12-07 23:07:55" 358	a	Pressed "Move Left"
"2021-12-07 23:08:01" 270	w	Pressed "Move Forward"
"2021-12-07 23:08:01" 742	d	Pressed "Move Right"
"2021-12-07 23:08:02" 118	a	Pressed "Move Left"
"2021-12-07 23:08:02" 628	a	Pressed "Move Left"
"2021-12-07 23:08:02" 658	a	Pressed "Move Left"
"2021-12-07 23:08:02" 689	a	Pressed "Move Left"
"2021-12-07 23:08:02" 720	a	Pressed "Move Left"
"2021-12-07 23:08:02" 753	a	Pressed "Move Left"
"2021-12-07 23:08:03" 086	w	Pressed "Move Forward"
"2021-12-07 23:08:03" 797	d	Pressed "Move Right"
"2021-12-07 23:08:06" 453	w	Pressed "Move Forward"
"2021-12-07 23:08:07" 846	a	Pressed "Move Left"
"2021-12-07 23:08:08" 574	d	Pressed "Move Right"
"2021-12-07 23:08:09" 083	d	Pressed "Move Right"
"2021-12-07 23:08:09" 115	d	Pressed "Move Right"
"2021-12-07 23:08:09" 145	d	Pressed "Move Right"
"2021-12-07 23:08:09" 177	d	Pressed "Move Right"
"2021-12-07 23:08:09" 207	d	Pressed "Move Right"
"2021-12-07 23:08:09" 253	d	Pressed "Move Right"
"2021-12-07 23:08:09" 285	d	Pressed "Move Right"
"2021-12-07 23:08:09" 316	d	Pressed "Move Right"
"2021-12-07 23:08:09" 349	d	Pressed "Move Right"
"2021-12-07 23:08:09" 379	d	Pressed "Move Right"
"2021-12-07 23:08:09" 410	d	Pressed "Move Right"
"2021-12-07 23:08:09" 442	d	Pressed "Move Right"
"2021-12-07 23:08:09" 470	d	Pressed "Move Right"
"2021-12-07 23:08:09" 516	d	Pressed "Move Right"
"2021-12-07 23:08:09" 547	d	Pressed "Move Right"
"2021-12-07 23:08:09" 577	d	Pressed "Move Right"
"2021-12-07 23:08:09" 607	d	Pressed "Move Right"
"2021-12-07 23:08:09" 637	d	Pressed "Move Right"
"2021-12-07 23:08:09" 682	d	Pressed "Move Right"
"2021-12-07 23:08:09" 714	d	Pressed "Move Right"
"2021-12-07 23:08:09" 745	d	Pressed "Move Right"
"2021-12-07 23:08:09" 777	d	Pressed "Move Right"
"2021-12-07 23:08:10" 314	d	Pressed "Move Right"
"2021-12-07 23:08:10" 346	d	Pressed "Move Right"
"2021-12-07 23:08:10" 377	d	Pressed "Move Right"
"2021-12-07 23:08:10" 407	d	Pressed "Move Right"
"2021-12-07 23:08:10" 437	d	Pressed "Move Right"
"2021-12-07 23:08:10" 485	d	Pressed "Move Right"
"2021-12-07 23:08:10" 515	d	Pressed "Move Right"
"2021-12-07 23:08:10" 547	d	Pressed "Move Right"
"2021-12-07 23:08:10" 578	d	Pressed "Move Right"
"2021-12-07 23:08:10" 608	d	Pressed "Move Right"
"2021-12-07 23:08:10" 639	d	Pressed "Move Right"
"2021-12-07 23:08:10" 669	d	Pressed "Move Right"
"2021-12-07 23:08:10" 714	d	Pressed "Move Right"
"2021-12-07 23:08:10" 749	d	Pressed "Move Right"
"2021-12-07 23:08:10" 777	d	Pressed "Move Right"
"2021-12-07 23:08:10" 808	d	Pressed "Move Right"
"2021-12-07 23:08:10" 839	d	Pressed "Move Right"
"2021-12-07 23:08:10" 870	d	Pressed "Move Right"
"2021-12-07 23:08:10" 915	d	Pressed "Move Right"
"2021-12-07 23:08:10" 947	d	Pressed "Move Right"
"2021-12-07 23:08:10" 976	d	Pressed "Move Right"
"2021-12-07 23:08:11" 006	d	Pressed "Move Right"
"2021-12-07 23:08:11" 038	d	Pressed "Move Right"
"2021-12-07 23:08:11" 070	d	Pressed "Move Right"
"2021-12-07 23:08:11" 101	d	Pressed "Move Right"
"2021-12-07 23:08:11" 133	d	Pressed "Move Right"
"2021-12-07 23:08:11" 179	d	Pressed "Move Right"
"2021-12-07 23:08:11" 209	d	Pressed "Move Right"
"2021-12-07 23:08:11" 240	d	Pressed "Move Right"
"2021-12-07 23:08:11" 272	d	Pressed "Move Right"
"2021-12-07 23:08:11" 303	d	Pressed "Move Right"
"2021-12-07 23:08:11" 334	d	Pressed "Move Right"
"2021-12-07 23:08:11" 364	d	Pressed "Move Right"
"2021-12-07 23:08:11" 409	d	Pressed "Move Right"
"2021-12-07 23:08:11" 441	d	Pressed "Move Right"
"2021-12-07 23:08:11" 473	d	Pressed "Move Right"
"2021-12-07 23:08:11" 503	d	Pressed "Move Right"
"2021-12-07 23:08:11" 535	d	Pressed "Move Right"
"2021-12-07 23:08:11" 565	d	Pressed "Move Right"
"2021-12-07 23:08:11" 594	d	Pressed "Move Right"
"2021-12-07 23:08:11" 626	d	Pressed "Move Right"
"2021-12-07 23:08:11" 672	d	Pressed "Move Right"
"2021-12-07 23:08:11" 703	d	Pressed "Move Right"
"2021-12-07 23:08:11" 733	d	Pressed "Move Right"
"2021-12-07 23:08:11" 763	d	Pressed "Move Right"
"2021-12-07 23:08:11" 794	d	Pressed "Move Right"
"2021-12-07 23:08:11" 826	d	Pressed "Move Right"
"2021-12-07 23:08:11" 829	w	Pressed "Move Forward"
"2021-12-07 23:08:12" 294	a	Pressed "Move Left"
"2021-12-07 23:08:12" 742	w	Pressed "Move Forward"
"2021-12-07 23:08:13" 830	d	Pressed "Move Right"
"2021-12-07 23:08:27" 502	a	Pressed "Move Left"
"2021-12-07 23:08:28" 312	a	Pressed "Move Left"
"2021-12-07 23:08:28" 342	a	Pressed "Move Left"
"2021-12-07 23:08:28" 373	a	Pressed "Move Left"
"2021-12-07 23:08:28" 406	a	Pressed "Move Left"
"2021-12-07 23:08:30" 406	d	Pressed "Move Right"
"2021-12-07 23:08:30" 438	d	Pressed "Move Right"
"2021-12-07 23:08:30" 467	d	Pressed "Move Right"
"2021-12-07 23:08:30" 514	d	Pressed "Move Right"
"2021-12-07 23:08:30" 546	d	Pressed "Move Right"
"2021-12-07 23:08:30" 576	d	Pressed "Move Right"
"2021-12-07 23:08:30" 607	d	Pressed "Move Right"
"2021-12-07 23:08:30" 639	d	Pressed "Move Right"
"2021-12-07 23:08:30" 667	d	Pressed "Move Right"
"2021-12-07 23:08:30" 709	a	Pressed "Move Left"
"2021-12-07 23:08:31" 926	w	Pressed "Move Forward"
"2021-12-07 23:08:32" 222	a	Pressed "Move Left"
"2021-12-07 23:08:32" 574	d	Pressed "Move Right"
"2021-12-07 23:08:32" 926	w	Pressed "Move Forward"
"2021-12-07 23:08:33" 008	a	Pressed "Move Left"
"2021-12-07 23:08:33" 101	d	Pressed "Move Right"
"2021-12-07 23:08:33" 390	a	Pressed "Move Left"
"2021-12-07 23:08:36" 486	w	Pressed "Move Forward"
"2021-12-07 23:08:36" 973	d	Pressed "Move Right"
"2021-12-07 23:08:37" 488	d	Pressed "Move Right"
"2021-12-07 23:08:37" 519	d	Pressed "Move Right"
"2021-12-07 23:08:37" 549	d	Pressed "Move Right"
"2021-12-07 23:08:37" 579	d	Pressed "Move Right"
"2021-12-07 23:08:37" 609	d	Pressed "Move Right"
"2021-12-07 23:08:37" 640	d	Pressed "Move Right"
"2021-12-07 23:08:37" 685	d	Pressed "Move Right"
"2021-12-07 23:08:37" 717	d	Pressed "Move Right"
"2021-12-07 23:08:37" 748	d	Pressed "Move Right"
"2021-12-07 23:08:37" 778	d	Pressed "Move Right"
"2021-12-07 23:08:37" 809	d	Pressed "Move Right"
"2021-12-07 23:08:37" 842	d	Pressed "Move Right"
"2021-12-07 23:08:37" 872	d	Pressed "Move Right"
"2021-12-07 23:08:37" 903	d	Pressed "Move Right"
"2021-12-07 23:08:37" 949	d	Pressed "Move Right"
"2021-12-07 23:08:37" 979	d	Pressed "Move Right"
"2021-12-07 23:08:38" 008	d	Pressed "Move Right"
"2021-12-07 23:08:38" 040	d	Pressed "Move Right"
"2021-12-07 23:08:38" 070	d	Pressed "Move Right"
"2021-12-07 23:08:38" 101	d	Pressed "Move Right"
"2021-12-07 23:08:38" 146	d	Pressed "Move Right"
"2021-12-07 23:08:38" 177	d	Pressed "Move Right"
"2021-12-07 23:08:38" 211	d	Pressed "Move Right"
"2021-12-07 23:08:38" 241	d	Pressed "Move Right"
"2021-12-07 23:08:38" 272	d	Pressed "Move Right"
"2021-12-07 23:08:38" 306	d	Pressed "Move Right"
"2021-12-07 23:08:38" 336	d	Pressed "Move Right"
"2021-12-07 23:08:38" 366	d	Pressed "Move Right"
"2021-12-07 23:08:38" 413	d	Pressed "Move Right"
"2021-12-07 23:08:38" 445	d	Pressed "Move Right"
"2021-12-07 23:08:38" 475	d	Pressed "Move Right"
"2021-12-07 23:08:38" 507	d	Pressed "Move Right"
"2021-12-07 23:08:38" 536	d	Pressed "Move Right"
"2021-12-07 23:08:38" 568	d	Pressed "Move Right"
"2021-12-07 23:08:38" 670	a	Pressed "Move Left"
"2021-12-07 23:08:39" 238	a	Pressed "Move Left"
"2021-12-07 23:08:39" 958	w	Pressed "Move Forward"
"2021-12-07 23:08:42" 451	d	Pressed "Move Right"
"2021-12-07 23:08:42" 497	d	Pressed "Move Right"
"2021-12-07 23:08:42" 528	d	Pressed "Move Right"
"2021-12-07 23:08:42" 559	d	Pressed "Move Right"
"2021-12-07 23:08:42" 590	d	Pressed "Move Right"
"2021-12-07 23:08:42" 620	d	Pressed "Move Right"
"2021-12-07 23:08:42" 650	d	Pressed "Move Right"
"2021-12-07 23:08:42" 682	d	Pressed "Move Right"
"2021-12-07 23:08:42" 728	d	Pressed "Move Right"
"2021-12-07 23:08:42" 759	d	Pressed "Move Right"
"2021-12-07 23:08:42" 788	d	Pressed "Move Right"
"2021-12-07 23:08:42" 819	d	Pressed "Move Right"
"2021-12-07 23:08:42" 852	d	Pressed "Move Right"
"2021-12-07 23:08:42" 883	d	Pressed "Move Right"
"2021-12-07 23:08:42" 913	d	Pressed "Move Right"
"2021-12-07 23:08:42" 958	d	Pressed "Move Right"
"2021-12-07 23:08:42" 988	d	Pressed "Move Right"
"2021-12-07 23:08:43" 022	d	Pressed "Move Right"
"2021-12-07 23:08:43" 050	d	Pressed "Move Right"
"2021-12-07 23:08:43" 082	d	Pressed "Move Right"
"2021-12-07 23:08:43" 112	d	Pressed "Move Right"
"2021-12-07 23:08:43" 157	d	Pressed "Move Right"
"2021-12-07 23:08:43" 190	d	Pressed "Move Right"
"2021-12-07 23:08:43" 278	a	Pressed "Move Left"
"2021-12-07 23:08:43" 567	d	Pressed "Move Right"
"2021-12-07 23:08:43" 655	a	Pressed "Move Left"
"2021-12-07 23:08:43" 783	w	Pressed "Move Forward"
"2021-12-07 23:08:43" 965	d	Pressed "Move Right"
"2021-12-07 23:08:44" 014	a	Pressed "Move Left"
"2021-12-07 23:08:45" 710	w	Pressed "Move Forward"
"2021-12-07 23:08:47" 621	d	Pressed "Move Right"
"2021-12-07 23:08:48" 142	a	Pressed "Move Left"
"2021-12-07 23:08:50" 142	a	Pressed "Move Left"
"2021-12-07 23:08:50" 718	d	Pressed "Move Right"
"2021-12-07 23:08:51" 406	d	Pressed "Move Right"
"2021-12-07 23:08:53" 039	d	Pressed "Move Right"
"2021-12-07 23:08:53" 614	w	Pressed "Move Forward"
"2021-12-07 23:08:54" 006	a	Pressed "Move Left"
"2021-12-07 23:08:54" 518	a	Pressed "Move Left"
"2021-12-07 23:08:54" 548	a	Pressed "Move Left"
"2021-12-07 23:08:54" 579	a	Pressed "Move Left"
"2021-12-07 23:09:14" 993	w	Pressed "Move Forward"
"2021-12-07 23:09:15" 025	w	Pressed "Move Forward"
"2021-12-07 23:09:15" 057	w	Pressed "Move Forward"
"2021-12-07 23:09:16" 226	a	Pressed "Move Left"
"2021-12-07 23:09:16" 256	a	Pressed "Move Left"
"2021-12-07 23:09:16" 287	a	Pressed "Move Left"
"2021-12-07 23:09:16" 316	a	Pressed "Move Left"
"2021-12-07 23:09:16" 363	a	Pressed "Move Left"
"2021-12-07 23:09:16" 393	a	Pressed "Move Left"
"2021-12-07 23:09:16" 424	a	Pressed "Move Left"
"2021-12-07 23:09:16" 455	a	Pressed "Move Left"
"2021-12-07 23:09:16" 486	a	Pressed "Move Left"
"2021-12-07 23:09:16" 518	a	Pressed "Move Left"
"2021-12-07 23:09:16" 549	a	Pressed "Move Left"
"2021-12-07 23:09:16" 594	a	Pressed "Move Left"
"2021-12-07 23:09:16" 627	a	Pressed "Move Left"
"2021-12-07 23:09:16" 657	a	Pressed "Move Left"
"2021-12-07 23:09:16" 687	a	Pressed "Move Left"
"2021-12-07 23:09:16" 718	a	Pressed "Move Left"
"2021-12-07 23:09:16" 749	a	Pressed "Move Left"
"2021-12-07 23:09:16" 782	a	Pressed "Move Left"
"2021-12-07 23:09:16" 827	a	Pressed "Move Left"
"2021-12-07 23:09:16" 858	a	Pressed "Move Left"
"2021-12-07 23:09:16" 889	a	Pressed "Move Left"
"2021-12-07 23:09:16" 922	a	Pressed "Move Left"
"2021-12-07 23:09:16" 956	a	Pressed "Move Left"
"2021-12-07 23:09:16" 982	a	Pressed "Move Left"
"2021-12-07 23:09:17" 014	a	Pressed "Move Left"
"2021-12-07 23:09:17" 031	w	Pressed "Move Forward"
"2021-12-07 23:09:17" 539	w	Pressed "Move Forward"
"2021-12-07 23:09:17" 743	d	Pressed "Move Right"
"2021-12-07 23:09:17" 966	w	Pressed "Move Forward"
"2021-12-07 23:09:18" 326	a	Pressed "Move Left"
"2021-12-07 23:09:18" 918	d	Pressed "Move Right"
"2021-12-07 23:09:19" 102	a	Pressed "Move Left"
"2021-12-07 23:09:19" 670	d	Pressed "Move Right"
"2021-12-07 23:09:19" 885	d	Pressed "Move Right"
"2021-12-07 23:09:23" 224	a	Pressed "Move Left"
"2021-12-07 23:09:23" 702	a	Pressed "Move Left"
"2021-12-07 23:09:24" 798	d	Pressed "Move Right"
"2021-12-07 23:09:24" 973	a	Pressed "Move Left"
"2021-12-07 23:09:28" 455	w	Pressed "Move Forward"
"2021-12-07 23:09:28" 949	a	Pressed "Move Left"
"2021-12-07 23:09:29" 452	a	Pressed "Move Left"
"2021-12-07 23:09:29" 483	a	Pressed "Move Left"
"2021-12-07 23:09:29" 530	a	Pressed "Move Left"
"2021-12-07 23:09:29" 563	a	Pressed "Move Left"
"2021-12-07 23:09:29" 594	a	Pressed "Move Left"
"2021-12-07 23:09:29" 624	a	Pressed "Move Left"
"2021-12-07 23:09:29" 654	a	Pressed "Move Left"
"2021-12-07 23:09:29" 686	a	Pressed "Move Left"
"2021-12-07 23:09:29" 715	a	Pressed "Move Left"
"2021-12-07 23:09:29" 748	a	Pressed "Move Left"
"2021-12-07 23:09:30" 917	d	Pressed "Move Right"
"2021-12-07 23:09:31" 350	d	Pressed "Move Right"
"2021-12-07 23:09:31" 852	d	Pressed "Move Right"
"2021-12-07 23:09:33" 013	d	Pressed "Move Right"
"2021-12-07 23:09:33" 629	d	Pressed "Move Right"
"2021-12-07 23:09:34" 350	d	Pressed "Move Right"
"2021-12-07 23:09:36" 478	d	Pressed "Move Right"
"2021-12-07 23:09:37" 631	d	Pressed "Move Right"
"2021-12-07 23:09:38" 878	w	Pressed "Move Forward"
"2021-12-07 23:09:39" 286	a	Pressed "Move Left"
"2021-12-07 23:09:40" 006	d	Pressed "Move Right"
