2023-04-13 12:27:08.979268	z	pressed	jump
2023-04-13 12:27:09.075052	z	released	jump
2023-04-13 12:27:11.361745	z	pressed	jump
2023-04-13 12:27:11.526767	z	released	jump
2023-04-13 12:27:12.411511	z	pressed	jump
2023-04-13 12:27:12.552815	z	released	jump
2023-04-13 12:27:15.484618	z	pressed	jump
2023-04-13 12:27:15.554200	z	released	jump
2023-04-13 12:27:15.981424	z	pressed	jump
2023-04-13 12:27:16.074033	z	released	jump
2023-04-13 12:27:16.425254	z	pressed	jump
2023-04-13 12:27:16.527738	z	released	jump
2023-04-13 12:27:21.496426	left	pressed	left
2023-04-13 12:27:21.882550	down	pressed	crouch
2023-04-13 12:27:22.775604	down	released	crouch
2023-04-13 12:27:22.881804	up	pressed	up
2023-04-13 12:27:24.343190	left	released	left
2023-04-13 12:27:24.352503	up	pressed	up
2023-04-13 12:27:24.832377	right	pressed	right
2023-04-13 12:27:25.582007	up	released	up
2023-04-13 12:27:25.608141	right	pressed	right
2023-04-13 12:27:25.738515	down	pressed	crouch
2023-04-13 12:27:25.830056	right	released	right
2023-04-13 12:27:25.935215	left	pressed	left
2023-04-13 12:27:26.504672	down	released	crouch
2023-04-13 12:27:26.530532	left	pressed	left
2023-04-13 12:27:27.397969	left	released	left
2023-04-13 12:27:27.924346	left	pressed	left
2023-04-13 12:27:28.074025	left	released	left
2023-04-13 12:27:28.077576	up	pressed	up
2023-04-13 12:27:28.174138	up	released	up
2023-04-13 12:27:28.178745	left	pressed	left
2023-04-13 12:27:28.448840	down	pressed	crouch
2023-04-13 12:27:28.577755	left	released	left
2023-04-13 12:27:28.955213	down	pressed	crouch
2023-04-13 12:27:29.033394	left	pressed	left
2023-04-13 12:27:29.692623	down	released	crouch
2023-04-13 12:27:29.720625	left	pressed	left
2023-04-13 12:27:29.947662	up	pressed	up
2023-04-13 12:27:30.260554	up	released	up
2023-04-13 12:27:31.032893	left	released	left
2023-04-13 12:27:32.725030	right	pressed	right
2023-04-13 12:27:33.261310	right	released	right
2023-04-13 12:27:33.317606	left	pressed	left
2023-04-13 12:27:33.976617	left	released	left
2023-04-13 12:27:33.980637	right	pressed	right
2023-04-13 12:27:34.668493	up	pressed	up
2023-04-13 12:27:34.848382	up	released	up
2023-04-13 12:27:35.632610	up	pressed	up
2023-04-13 12:27:36.001300	up	released	up
2023-04-13 12:27:36.070141	up	pressed	up
2023-04-13 12:27:36.414562	up	released	up
2023-04-13 12:27:36.429926	right	released	right
2023-04-13 12:27:36.480898	z	pressed	jump
2023-04-13 12:27:36.607288	z	released	jump
2023-04-13 12:27:37.000527	z	pressed	jump
2023-04-13 12:27:37.086799	z	released	jump
2023-04-13 12:27:42.448274	right	pressed	right
2023-04-13 12:27:42.867425	shift	pressed	dash
2023-04-13 12:27:43.057536	shift	released	dash
2023-04-13 12:27:43.348255	shift	pressed	dash
2023-04-13 12:27:43.511524	shift	released	dash
2023-04-13 12:27:43.845730	shift	pressed	dash
2023-04-13 12:27:44.040923	shift	released	dash
2023-04-13 12:27:44.508819	right	released	right
2023-04-13 12:27:44.553839	c	pressed	lock
2023-04-13 12:27:44.578589	left	pressed	left
2023-04-13 12:27:44.645706	c	released	lock
2023-04-13 12:27:44.686203	left	released	left
2023-04-13 12:27:44.799108	right	pressed	right
2023-04-13 12:27:45.874926	z	pressed	jump
2023-04-13 12:27:46.070950	z	released	jump
2023-04-13 12:27:46.415850	shift	pressed	dash
2023-04-13 12:27:46.497086	shift	released	dash
2023-04-13 12:27:46.530983	right	released	right
2023-04-13 12:27:46.593860	left	pressed	left
2023-04-13 12:27:46.781622	right	pressed	right
2023-04-13 12:27:46.803684	left	released	left
2023-04-13 12:27:47.095359	right	released	right
2023-04-13 12:27:47.150437	left	pressed	left
2023-04-13 12:27:47.293504	left	released	left
2023-04-13 12:27:47.296162	right	pressed	right
2023-04-13 12:27:47.674940	z	pressed	jump
2023-04-13 12:27:47.690118	right	released	right
2023-04-13 12:27:47.790572	z	released	jump
2023-04-13 12:27:47.951543	right	pressed	right
2023-04-13 12:27:48.032383	z	pressed	jump
2023-04-13 12:27:48.297786	z	released	jump
2023-04-13 12:27:48.390267	right	released	right
2023-04-13 12:27:48.391986	left	pressed	left
2023-04-13 12:27:48.491848	z	pressed	jump
2023-04-13 12:27:48.587377	left	released	left
2023-04-13 12:27:48.592203	right	pressed	right
2023-04-13 12:27:48.674744	z	released	jump
2023-04-13 12:27:48.701100	right	released	right
2023-04-13 12:27:48.761733	left	pressed	left
2023-04-13 12:27:49.497138	z	pressed	jump
2023-04-13 12:27:49.607441	z	released	jump
2023-04-13 12:27:49.681766	z	pressed	jump
2023-04-13 12:27:49.766391	left	released	left
2023-04-13 12:27:49.817273	z	released	jump
2023-04-13 12:27:49.920180	left	pressed	left
2023-04-13 12:27:50.057353	z	pressed	jump
2023-04-13 12:27:50.185841	z	released	jump
2023-04-13 12:27:50.271373	left	released	left
2023-04-13 12:27:50.291019	right	pressed	right
2023-04-13 12:27:50.547819	right	released	right
2023-04-13 12:27:50.548320	esc	pressed	options
2023-04-13 12:27:50.713280	esc	released	options
2023-04-13 12:27:51.090856	down	pressed	crouch
2023-04-13 12:27:51.183287	down	released	crouch
2023-04-13 12:27:51.645616	z	pressed	jump
2023-04-13 12:27:51.742836	z	released	jump
2023-04-13 12:27:53.743240	right	pressed	right
2023-04-13 12:27:53.875875	shift	pressed	dash
2023-04-13 12:27:54.003737	shift	released	dash
2023-04-13 12:27:54.336731	shift	pressed	dash
2023-04-13 12:27:54.463622	shift	released	dash
2023-04-13 12:27:54.782459	shift	pressed	dash
2023-04-13 12:27:54.921916	shift	released	dash
2023-04-13 12:27:55.303369	shift	pressed	dash
2023-04-13 12:27:55.441966	shift	released	dash
2023-04-13 12:27:56.297404	z	pressed	jump
2023-04-13 12:27:56.393584	z	released	jump
2023-04-13 12:27:56.464821	shift	pressed	dash
2023-04-13 12:27:56.608898	shift	released	dash
2023-04-13 12:27:57.100467	right	released	right
2023-04-13 12:27:57.148172	left	pressed	left
2023-04-13 12:27:57.195496	left	released	left
2023-04-13 12:27:57.225614	right	pressed	right
2023-04-13 12:27:57.288619	right	released	right
2023-04-13 12:27:57.491896	left	pressed	left
2023-04-13 12:27:57.555060	left	released	left
2023-04-13 12:27:57.558133	right	pressed	right
2023-04-13 12:27:57.629548	right	released	right
2023-04-13 12:27:57.643901	left	pressed	left
2023-04-13 12:27:57.715221	left	released	left
2023-04-13 12:27:57.732840	right	pressed	right
2023-04-13 12:27:58.084931	shift	pressed	dash
2023-04-13 12:27:58.214417	shift	released	dash
2023-04-13 12:27:58.359685	right	released	right
2023-04-13 12:27:58.362149	left	pressed	left
2023-04-13 12:27:58.516739	left	released	left
2023-04-13 12:27:58.521923	right	pressed	right
2023-04-13 12:27:58.616410	z	pressed	jump
2023-04-13 12:27:58.734549	z	released	jump
2023-04-13 12:27:59.059030	shift	pressed	dash
2023-04-13 12:27:59.272712	shift	released	dash
2023-04-13 12:27:59.595709	shift	pressed	dash
2023-04-13 12:27:59.737088	shift	released	dash
2023-04-13 12:28:00.062876	left	pressed	left
2023-04-13 12:28:00.105239	right	released	right
2023-04-13 12:28:00.145499	right	pressed	right
2023-04-13 12:28:00.163931	left	released	left
2023-04-13 12:28:00.291263	right	released	right
2023-04-13 12:28:00.381121	right	pressed	right
2023-04-13 12:28:00.401805	z	pressed	jump
2023-04-13 12:28:00.559594	z	released	jump
2023-04-13 12:28:00.591444	shift	pressed	dash
2023-04-13 12:28:00.777785	shift	released	dash
2023-04-13 12:28:01.238006	right	released	right
2023-04-13 12:28:01.317821	left	pressed	left
2023-04-13 12:28:01.362025	z	pressed	jump
2023-04-13 12:28:01.493613	z	released	jump
2023-04-13 12:28:01.645922	z	pressed	jump
2023-04-13 12:28:01.802223	right	pressed	right
2023-04-13 12:28:01.828432	z	released	jump
2023-04-13 12:28:01.846604	left	released	left
2023-04-13 12:28:02.306613	right	pressed	right
2023-04-13 12:28:02.446368	right	released	right
2023-04-13 12:28:02.524570	right	pressed	right
2023-04-13 12:28:02.645289	right	released	right
2023-04-13 12:28:02.746799	right	pressed	right
2023-04-13 12:28:02.748811	z	pressed	jump
2023-04-13 12:28:02.873394	z	released	jump
2023-04-13 12:28:03.292137	shift	pressed	dash
2023-04-13 12:28:03.411812	shift	released	dash
2023-04-13 12:28:03.836402	shift	pressed	dash
2023-04-13 12:28:03.973617	shift	released	dash
2023-04-13 12:28:04.181982	right	released	right
2023-04-13 12:28:04.196912	left	pressed	left
2023-04-13 12:28:04.740312	left	released	left
2023-04-13 12:28:04.741980	right	pressed	right
2023-04-13 12:28:04.742851	z	pressed	jump
2023-04-13 12:28:04.866578	z	released	jump
2023-04-13 12:28:04.998109	z	pressed	jump
2023-04-13 12:28:05.154077	z	released	jump
2023-04-13 12:28:05.479610	shift	pressed	dash
2023-04-13 12:28:05.614078	shift	released	dash
2023-04-13 12:28:06.147146	right	released	right
2023-04-13 12:28:06.152969	left	pressed	left
2023-04-13 12:28:06.262125	left	released	left
2023-04-13 12:28:06.263294	right	pressed	right
2023-04-13 12:28:06.354753	right	released	right
2023-04-13 12:28:06.357491	left	pressed	left
2023-04-13 12:28:06.430147	left	released	left
2023-04-13 12:28:06.444675	right	pressed	right
2023-04-13 12:28:06.521900	right	released	right
2023-04-13 12:28:06.550284	left	pressed	left
2023-04-13 12:28:06.646925	left	released	left
2023-04-13 12:28:06.664992	right	pressed	right
2023-04-13 12:28:06.770154	z	pressed	jump
2023-04-13 12:28:06.863245	z	released	jump
2023-04-13 12:28:07.226758	shift	pressed	dash
2023-04-13 12:28:07.367220	shift	released	dash
2023-04-13 12:28:07.898847	shift	pressed	dash
2023-04-13 12:28:08.026466	shift	released	dash
2023-04-13 12:28:09.555650	z	pressed	jump
2023-04-13 12:28:09.610923	z	released	jump
2023-04-13 12:28:11.278961	right	released	right
2023-04-13 12:28:11.413769	left	pressed	left
2023-04-13 12:28:11.462530	z	pressed	jump
2023-04-13 12:28:11.608109	z	released	jump
2023-04-13 12:28:11.663367	left	released	left
2023-04-13 12:28:11.709149	z	pressed	jump
2023-04-13 12:28:11.747251	right	pressed	right
2023-04-13 12:28:11.913893	z	released	jump
2023-04-13 12:28:12.025141	right	released	right
2023-04-13 12:28:12.030376	left	pressed	left
2023-04-13 12:28:12.160299	left	released	left
2023-04-13 12:28:12.162321	right	pressed	right
2023-04-13 12:28:12.796330	right	released	right
2023-04-13 12:28:13.120350	right	pressed	right
2023-04-13 12:28:13.133372	z	pressed	jump
2023-04-13 12:28:13.250650	z	released	jump
2023-04-13 12:28:13.486614	shift	pressed	dash
2023-04-13 12:28:13.622448	shift	released	dash
2023-04-13 12:28:14.104500	z	pressed	jump
2023-04-13 12:28:14.232720	z	released	jump
2023-04-13 12:28:14.292607	shift	pressed	dash
2023-04-13 12:28:14.437763	shift	released	dash
2023-04-13 12:28:14.882049	shift	pressed	dash
2023-04-13 12:28:14.992100	shift	released	dash
2023-04-13 12:28:15.528936	z	pressed	jump
2023-04-13 12:28:15.719900	z	released	jump
2023-04-13 12:28:15.752808	shift	pressed	dash
2023-04-13 12:28:15.992761	shift	released	dash
2023-04-13 12:28:16.390932	right	released	right
2023-04-13 12:28:16.408977	left	pressed	left
2023-04-13 12:28:16.661952	left	released	left
2023-04-13 12:28:16.736299	right	pressed	right
2023-04-13 12:28:16.758468	right	released	right
2023-04-13 12:28:16.772465	left	pressed	left
2023-04-13 12:28:16.914003	up	pressed	up
2023-04-13 12:28:16.930529	left	released	left
2023-04-13 12:28:16.978422	x	pressed	shoot
2023-04-13 12:28:17.172837	up	released	up
2023-04-13 12:28:17.176516	x	released	shoot
2023-04-13 12:28:17.257073	z	pressed	jump
2023-04-13 12:28:17.497170	z	released	jump
2023-04-13 12:28:18.619210	z	pressed	jump
2023-04-13 12:28:18.637742	right	pressed	right
2023-04-13 12:28:18.808075	z	released	jump
2023-04-13 12:28:19.000126	right	released	right
2023-04-13 12:28:19.185616	left	pressed	left
2023-04-13 12:28:19.403061	left	released	left
2023-04-13 12:28:19.464900	right	pressed	right
2023-04-13 12:28:19.887240	right	released	right
2023-04-13 12:28:19.978352	left	pressed	left
2023-04-13 12:28:20.093807	left	released	left
2023-04-13 12:28:20.165497	right	pressed	right
2023-04-13 12:28:20.233867	z	pressed	jump
2023-04-13 12:28:20.286755	right	released	right
2023-04-13 12:28:20.448707	z	released	jump
2023-04-13 12:28:20.715104	right	pressed	right
2023-04-13 12:28:20.767719	z	pressed	jump
2023-04-13 12:28:20.900463	z	released	jump
2023-04-13 12:28:20.992613	shift	pressed	dash
2023-04-13 12:28:21.137682	shift	released	dash
2023-04-13 12:28:21.575898	right	released	right
2023-04-13 12:28:21.578199	left	pressed	left
2023-04-13 12:28:21.701641	left	released	left
2023-04-13 12:28:21.706546	up	pressed	up
2023-04-13 12:28:21.815336	x	pressed	shoot
2023-04-13 12:28:22.046349	up	released	up
2023-04-13 12:28:22.049423	right	pressed	right
2023-04-13 12:28:22.059250	x	released	shoot
2023-04-13 12:28:22.142297	up	pressed	up
2023-04-13 12:28:22.212992	right	released	right
2023-04-13 12:28:22.261911	x	pressed	shoot
2023-04-13 12:28:22.554590	x	released	shoot
2023-04-13 12:28:22.570160	up	released	up
2023-04-13 12:28:22.590313	left	pressed	left
2023-04-13 12:28:22.733214	z	pressed	jump
2023-04-13 12:28:22.759670	left	released	left
2023-04-13 12:28:22.904110	z	released	jump
2023-04-13 12:28:22.908393	right	pressed	right
2023-04-13 12:28:23.033491	right	released	right
2023-04-13 12:28:23.359281	left	pressed	left
2023-04-13 12:28:23.508929	z	pressed	jump
2023-04-13 12:28:23.624317	z	released	jump
2023-04-13 12:28:23.689290	shift	pressed	dash
2023-04-13 12:28:23.874584	shift	released	dash
2023-04-13 12:28:24.176983	left	released	left
2023-04-13 12:28:24.177760	right	pressed	right
2023-04-13 12:28:24.298343	right	released	right
2023-04-13 12:28:24.366695	left	pressed	left
2023-04-13 12:28:24.468585	left	released	left
2023-04-13 12:28:24.470869	right	pressed	right
2023-04-13 12:28:24.566224	right	released	right
2023-04-13 12:28:24.591301	left	pressed	left
2023-04-13 12:28:24.670935	left	released	left
2023-04-13 12:28:24.672778	right	pressed	right
2023-04-13 12:28:24.727199	right	released	right
2023-04-13 12:28:24.761512	left	pressed	left
2023-04-13 12:28:24.842827	left	released	left
2023-04-13 12:28:24.844265	right	pressed	right
2023-04-13 12:28:24.925774	right	released	right
2023-04-13 12:28:24.952751	left	pressed	left
2023-04-13 12:28:25.009401	left	released	left
2023-04-13 12:28:25.013811	right	pressed	right
2023-04-13 12:28:25.257363	right	released	right
2023-04-13 12:28:25.418231	left	pressed	left
2023-04-13 12:28:25.498330	left	released	left
2023-04-13 12:28:25.808659	left	pressed	left
2023-04-13 12:28:25.900487	left	released	left
2023-04-13 12:28:26.243491	z	pressed	jump
2023-04-13 12:28:26.359892	left	pressed	left
2023-04-13 12:28:26.576950	z	released	jump
2023-04-13 12:28:26.696806	left	released	left
2023-04-13 12:28:26.757070	right	pressed	right
2023-04-13 12:28:26.858635	right	released	right
2023-04-13 12:28:26.904353	left	pressed	left
2023-04-13 12:28:27.029516	left	released	left
2023-04-13 12:28:27.397548	right	pressed	right
2023-04-13 12:28:27.624282	z	pressed	jump
2023-04-13 12:28:27.958004	z	released	jump
2023-04-13 12:28:28.069774	shift	pressed	dash
2023-04-13 12:28:28.191105	shift	released	dash
2023-04-13 12:28:28.325748	right	released	right
2023-04-13 12:28:28.330234	left	pressed	left
2023-04-13 12:28:28.446718	left	released	left
2023-04-13 12:28:28.452155	right	pressed	right
2023-04-13 12:28:28.808836	right	released	right
2023-04-13 12:28:28.909641	left	pressed	left
2023-04-13 12:28:29.204757	z	pressed	jump
2023-04-13 12:28:29.355062	z	released	jump
2023-04-13 12:28:29.594793	shift	pressed	dash
2023-04-13 12:28:29.894866	shift	released	dash
2023-04-13 12:28:30.176470	up	pressed	up
2023-04-13 12:28:30.214465	left	released	left
2023-04-13 12:28:30.284934	x	pressed	shoot
2023-04-13 12:28:30.658998	up	released	up
2023-04-13 12:28:30.660869	x	released	shoot
2023-04-13 12:28:30.755060	right	pressed	right
2023-04-13 12:28:30.815562	z	pressed	jump
2023-04-13 12:28:31.073884	right	released	right
2023-04-13 12:28:31.112534	z	released	jump
2023-04-13 12:28:31.332571	left	pressed	left
2023-04-13 12:28:31.347734	z	pressed	jump
2023-04-13 12:28:31.564879	z	released	jump
2023-04-13 12:28:31.642585	left	released	left
2023-04-13 12:28:31.657729	right	pressed	right
2023-04-13 12:28:31.788394	right	released	right
2023-04-13 12:28:31.874527	right	pressed	right
2023-04-13 12:28:31.964312	right	released	right
2023-04-13 12:28:32.090885	left	pressed	left
2023-04-13 12:28:32.135097	left	released	left
2023-04-13 12:28:32.216168	right	pressed	right
2023-04-13 12:28:32.302445	right	released	right
2023-04-13 12:28:32.463189	left	pressed	left
2023-04-13 12:28:32.506442	z	pressed	jump
2023-04-13 12:28:32.604423	left	released	left
2023-04-13 12:28:32.607563	z	released	jump
2023-04-13 12:28:32.610431	right	pressed	right
2023-04-13 12:28:32.759823	z	pressed	jump
2023-04-13 12:28:32.947160	z	released	jump
2023-04-13 12:28:33.189058	right	released	right
2023-04-13 12:28:33.214133	left	pressed	left
2023-04-13 12:28:33.813073	left	released	left
2023-04-13 12:28:33.835279	left	pressed	left
2023-04-13 12:28:34.006097	left	released	left
2023-04-13 12:28:34.107421	right	pressed	right
2023-04-13 12:28:34.265274	z	pressed	jump
2023-04-13 12:28:34.455275	z	released	jump
2023-04-13 12:28:34.500347	right	released	right
2023-04-13 12:28:34.539507	left	pressed	left
2023-04-13 12:28:34.957691	right	pressed	right
2023-04-13 12:28:34.978964	left	released	left
2023-04-13 12:28:35.097053	up	pressed	up
2023-04-13 12:28:35.121709	right	released	right
2023-04-13 12:28:35.124625	x	pressed	shoot
2023-04-13 12:28:35.462953	up	released	up
2023-04-13 12:28:35.467494	x	released	shoot
2023-04-13 12:28:35.517033	right	pressed	right
2023-04-13 12:28:35.625815	z	pressed	jump
2023-04-13 12:28:35.795890	z	released	jump
2023-04-13 12:28:36.061557	right	released	right
2023-04-13 12:28:36.854588	left	pressed	left
2023-04-13 12:28:36.906912	z	pressed	jump
2023-04-13 12:28:37.376980	z	released	jump
2023-04-13 12:28:37.502245	left	released	left
2023-04-13 12:28:37.553829	right	pressed	right
2023-04-13 12:28:37.746119	right	released	right
2023-04-13 12:28:37.949345	z	pressed	jump
2023-04-13 12:28:37.979646	right	pressed	right
2023-04-13 12:28:38.348473	z	released	jump
2023-04-13 12:28:38.407074	right	released	right
2023-04-13 12:28:38.809995	z	pressed	jump
2023-04-13 12:28:38.908517	z	released	jump
2023-04-13 12:28:40.474647	right	pressed	right
2023-04-13 12:28:40.477029	z	pressed	jump
2023-04-13 12:28:40.982535	right	released	right
2023-04-13 12:28:40.984022	z	released	jump
2023-04-13 12:28:41.149160	left	pressed	left
2023-04-13 12:28:41.223792	left	released	left
2023-04-13 12:28:41.273893	right	pressed	right
2023-04-13 12:28:41.349945	right	released	right
2023-04-13 12:28:41.431388	left	pressed	left
2023-04-13 12:28:41.587455	left	released	left
2023-04-13 12:28:41.589626	z	pressed	jump
2023-04-13 12:28:41.606362	right	pressed	right
2023-04-13 12:28:41.749016	z	released	jump
2023-04-13 12:28:42.036182	right	released	right
2023-04-13 12:28:42.079716	left	pressed	left
2023-04-13 12:28:42.123730	z	pressed	jump
2023-04-13 12:28:42.259219	z	released	jump
2023-04-13 12:28:42.328333	shift	pressed	dash
2023-04-13 12:28:42.499218	shift	released	dash
2023-04-13 12:28:42.926856	left	released	left
2023-04-13 12:28:43.018277	z	pressed	jump
2023-04-13 12:28:43.237281	z	released	jump
2023-04-13 12:28:43.573252	left	pressed	left
2023-04-13 12:28:43.575407	z	pressed	jump
2023-04-13 12:28:43.749427	z	released	jump
2023-04-13 12:28:43.794909	left	released	left
2023-04-13 12:28:43.839921	right	pressed	right
2023-04-13 12:28:44.176574	right	released	right
2023-04-13 12:28:44.358893	right	pressed	right
2023-04-13 12:28:44.395189	z	pressed	jump
2023-04-13 12:28:44.536164	z	released	jump
2023-04-13 12:28:44.566691	right	released	right
2023-04-13 12:28:44.674204	left	pressed	left
2023-04-13 12:28:44.984958	left	released	left
2023-04-13 12:28:44.985959	right	pressed	right
2023-04-13 12:28:45.099870	right	released	right
2023-04-13 12:28:45.100871	x	pressed	shoot
2023-04-13 12:28:46.275887	x	released	shoot
2023-04-13 12:28:46.485486	right	pressed	right
2023-04-13 12:28:46.566497	z	pressed	jump
2023-04-13 12:28:46.839556	z	released	jump
2023-04-13 12:28:47.343185	z	pressed	jump
2023-04-13 12:28:47.490976	z	released	jump
2023-04-13 12:28:47.603946	shift	pressed	dash
2023-04-13 12:28:47.721296	shift	released	dash
2023-04-13 12:28:48.823954	z	pressed	jump
2023-04-13 12:28:49.041943	z	released	jump
2023-04-13 12:28:49.607842	z	pressed	jump
2023-04-13 12:28:49.781975	z	released	jump
2023-04-13 12:28:49.877812	shift	pressed	dash
2023-04-13 12:28:50.055720	shift	released	dash
2023-04-13 12:28:50.306768	right	released	right
2023-04-13 12:28:50.392416	right	pressed	right
2023-04-13 12:28:50.423519	right	released	right
2023-04-13 12:28:50.514110	right	pressed	right
2023-04-13 12:28:50.625363	z	pressed	jump
2023-04-13 12:28:50.782012	z	released	jump
2023-04-13 12:28:50.846497	shift	pressed	dash
2023-04-13 12:28:51.043706	shift	released	dash
2023-04-13 12:28:51.915564	right	released	right
2023-04-13 12:28:52.116267	right	pressed	right
2023-04-13 12:28:52.147685	z	pressed	jump
2023-04-13 12:28:52.339903	z	released	jump
2023-04-13 12:28:52.408529	shift	pressed	dash
2023-04-13 12:28:52.555844	shift	released	dash
2023-04-13 12:28:52.606542	right	released	right
2023-04-13 12:28:52.685165	left	pressed	left
2023-04-13 12:28:52.909177	left	released	left
2023-04-13 12:28:52.983187	left	pressed	left
2023-04-13 12:28:53.106169	left	released	left
2023-04-13 12:28:53.124790	right	pressed	right
2023-04-13 12:28:53.253239	z	pressed	jump
2023-04-13 12:28:53.397513	z	released	jump
2023-04-13 12:28:53.568366	right	released	right
2023-04-13 12:28:53.668722	right	pressed	right
2023-04-13 12:28:53.916008	z	pressed	jump
2023-04-13 12:28:54.032427	z	released	jump
2023-04-13 12:28:54.344593	right	released	right
2023-04-13 12:28:54.424850	right	pressed	right
2023-04-13 12:28:54.610268	z	pressed	jump
2023-04-13 12:28:54.774264	z	released	jump
2023-04-13 12:28:55.058950	shift	pressed	dash
2023-04-13 12:28:55.114655	shift	released	dash
2023-04-13 12:28:55.131410	right	released	right
2023-04-13 12:28:55.360035	left	pressed	left
2023-04-13 12:28:55.615808	left	released	left
2023-04-13 12:28:55.671993	right	pressed	right
2023-04-13 12:28:55.793086	right	released	right
2023-04-13 12:28:56.310378	right	pressed	right
2023-04-13 12:28:56.312442	z	pressed	jump
2023-04-13 12:28:56.457307	z	released	jump
2023-04-13 12:28:56.860101	right	released	right
2023-04-13 12:28:57.141239	right	pressed	right
2023-04-13 12:28:57.280584	z	pressed	jump
2023-04-13 12:28:57.407335	z	released	jump
2023-04-13 12:28:57.538259	shift	pressed	dash
2023-04-13 12:28:57.634875	shift	released	dash
2023-04-13 12:28:57.692138	right	released	right
2023-04-13 12:28:57.807568	left	pressed	left
2023-04-13 12:28:57.907824	left	released	left
2023-04-13 12:28:57.924471	right	pressed	right
2023-04-13 12:28:58.068074	z	pressed	jump
2023-04-13 12:28:58.261166	z	released	jump
2023-04-13 12:28:58.667938	z	pressed	jump
2023-04-13 12:28:58.872896	z	released	jump
2023-04-13 12:28:59.307792	z	pressed	jump
2023-04-13 12:28:59.392874	z	released	jump
2023-04-13 12:28:59.713049	right	released	right
2023-04-13 12:28:59.815546	right	pressed	right
2023-04-13 12:29:00.013408	z	pressed	jump
2023-04-13 12:29:00.140126	z	released	jump
2023-04-13 12:29:00.758849	z	pressed	jump
2023-04-13 12:29:00.917725	z	released	jump
2023-04-13 12:29:01.558873	z	pressed	jump
2023-04-13 12:29:01.692820	z	released	jump
2023-04-13 12:29:02.340038	z	pressed	jump
2023-04-13 12:29:02.596067	z	released	jump
2023-04-13 12:29:02.966057	z	pressed	jump
2023-04-13 12:29:03.106822	z	released	jump
2023-04-13 12:29:03.903838	right	released	right
2023-04-13 12:29:04.647456	v	pressed	super
2023-04-13 12:29:04.769783	v	released	super
2023-04-13 12:29:04.947260	right	pressed	right
2023-04-13 12:29:05.192950	right	released	right
2023-04-13 12:29:05.287115	right	pressed	right
2023-04-13 12:29:05.475058	right	released	right
2023-04-13 12:29:05.511688	x	pressed	shoot
2023-04-13 12:29:05.968335	left	pressed	left
2023-04-13 12:29:06.031797	z	pressed	jump
2023-04-13 12:29:06.342049	z	released	jump
2023-04-13 12:29:06.442423	right	pressed	right
2023-04-13 12:29:06.474732	left	released	left
2023-04-13 12:29:06.539015	right	released	right
2023-04-13 12:29:06.944824	v	pressed	super
2023-04-13 12:29:07.027101	v	released	super
2023-04-13 12:29:07.531096	left	pressed	left
2023-04-13 12:29:07.674821	z	pressed	jump
2023-04-13 12:29:07.732236	right	pressed	right
2023-04-13 12:29:07.778920	left	released	left
2023-04-13 12:29:07.858444	z	released	jump
2023-04-13 12:29:08.237099	right	pressed	right
2023-04-13 12:29:08.348147	right	released	right
2023-04-13 12:29:08.412817	left	pressed	left
2023-04-13 12:29:08.661322	left	released	left
2023-04-13 12:29:08.691378	right	pressed	right
2023-04-13 12:29:08.802454	right	released	right
2023-04-13 12:29:08.840703	z	pressed	jump
2023-04-13 12:29:08.858079	z	released	jump
2023-04-13 12:29:09.017256	v	pressed	super
2023-04-13 12:29:09.098696	v	released	super
2023-04-13 12:29:09.799504	right	pressed	right
2023-04-13 12:29:09.886777	right	released	right
2023-04-13 12:29:10.414975	left	pressed	left
2023-04-13 12:29:10.509511	left	released	left
2023-04-13 12:29:10.662650	right	pressed	right
2023-04-13 12:29:10.711977	right	released	right
2023-04-13 12:29:10.803652	right	pressed	right
2023-04-13 12:29:10.842755	right	released	right
2023-04-13 12:29:10.879468	left	pressed	left
2023-04-13 12:29:10.982781	left	released	left
2023-04-13 12:29:10.984780	right	pressed	right
2023-04-13 12:29:11.043460	right	released	right
2023-04-13 12:29:11.190956	left	pressed	left
2023-04-13 12:29:11.313059	left	released	left
2023-04-13 12:29:11.366973	right	pressed	right
2023-04-13 12:29:11.438514	right	released	right
2023-04-13 12:29:11.483874	v	pressed	super
2023-04-13 12:29:11.567920	v	released	super
2023-04-13 12:29:12.328768	v	pressed	super
2023-04-13 12:29:12.435229	v	released	super
2023-04-13 12:29:12.707703	right	pressed	right
2023-04-13 12:29:12.833298	right	released	right
2023-04-13 12:29:12.879962	right	pressed	right
2023-04-13 12:29:13.157768	right	released	right
2023-04-13 12:29:13.308636	left	pressed	left
2023-04-13 12:29:13.435550	left	released	left
2023-04-13 12:29:13.503469	right	pressed	right
2023-04-13 12:29:13.642329	right	released	right
2023-04-13 12:29:13.730927	left	pressed	left
2023-04-13 12:29:13.806234	left	released	left
2023-04-13 12:29:13.876517	right	pressed	right
2023-04-13 12:29:13.966609	right	released	right
2023-04-13 12:29:14.396642	v	pressed	super
2023-04-13 12:29:14.517523	v	released	super
2023-04-13 12:29:15.781304	left	pressed	left
2023-04-13 12:29:15.890514	left	released	left
2023-04-13 12:29:15.959532	left	pressed	left
2023-04-13 12:29:16.009958	left	released	left
2023-04-13 12:29:16.033594	right	pressed	right
2023-04-13 12:29:16.130330	right	released	right
2023-04-13 12:29:16.676426	left	pressed	left
2023-04-13 12:29:16.864180	z	pressed	jump
2023-04-13 12:29:17.125811	z	released	jump
2023-04-13 12:29:17.451918	left	released	left
2023-04-13 12:29:17.495666	right	pressed	right
2023-04-13 12:29:17.607022	z	pressed	jump
2023-04-13 12:29:17.644637	right	released	right
2023-04-13 12:29:17.683692	right	pressed	right
2023-04-13 12:29:17.725273	z	released	jump
2023-04-13 12:29:17.739087	right	released	right
2023-04-13 12:29:20.208166	right	pressed	right
2023-04-13 12:29:20.209728	z	pressed	jump
2023-04-13 12:29:20.349243	z	released	jump
2023-04-13 12:29:20.420408	shift	pressed	dash
2023-04-13 12:29:20.520351	shift	released	dash
2023-04-13 12:29:20.765005	right	released	right
2023-04-13 12:29:20.796167	left	pressed	left
2023-04-13 12:29:20.894356	left	released	left
2023-04-13 12:29:20.919908	right	pressed	right
2023-04-13 12:29:21.031463	right	released	right
2023-04-13 12:29:21.123213	right	pressed	right
2023-04-13 12:29:21.174519	right	released	right
2023-04-13 12:29:21.282348	right	pressed	right
2023-04-13 12:29:21.325274	right	released	right
2023-04-13 12:29:23.596271	right	pressed	right
2023-04-13 12:29:23.615081	z	pressed	jump
2023-04-13 12:29:23.863538	z	released	jump
2023-04-13 12:29:24.162786	shift	pressed	dash
2023-04-13 12:29:24.308257	shift	released	dash
2023-04-13 12:29:24.886950	right	released	right
2023-04-13 12:29:24.912502	left	pressed	left
2023-04-13 12:29:25.010068	left	released	left
2023-04-13 12:29:25.034236	right	pressed	right
2023-04-13 12:29:25.133637	right	released	right
2023-04-13 12:29:25.250476	right	pressed	right
2023-04-13 12:29:25.435643	shift	pressed	dash
2023-04-13 12:29:25.568230	shift	released	dash
2023-04-13 12:29:26.053030	x	released	shoot
2023-04-13 12:29:26.076953	right	released	right
2023-04-13 12:29:33.142573	shift	pressed	dash
2023-04-13 12:29:33.276309	shift	released	dash
2023-04-13 12:29:33.527513	shift	pressed	dash
2023-04-13 12:29:33.651285	shift	released	dash
2023-04-13 12:29:33.945325	shift	pressed	dash
2023-04-13 12:29:34.099753	shift	released	dash
2023-04-13 12:29:34.565306	shift	pressed	dash
2023-04-13 12:29:34.705949	shift	released	dash
2023-04-13 12:29:35.218658	shift	pressed	dash
2023-04-13 12:29:35.359049	shift	released	dash
2023-04-13 12:29:35.569102	shift	pressed	dash
2023-04-13 12:29:35.715418	shift	released	dash
2023-04-13 12:29:35.895355	z	pressed	jump
2023-04-13 12:29:36.029320	z	released	jump
2023-04-13 12:29:36.320277	shift	pressed	dash
2023-04-13 12:29:36.441706	shift	released	dash
2023-04-13 12:29:36.442711	z	pressed	jump
2023-04-13 12:29:36.466540	z	released	jump
2023-04-13 12:29:36.550991	z	pressed	jump
2023-04-13 12:29:36.707937	z	released	jump
2023-04-13 12:29:36.914762	z	pressed	jump
2023-04-13 12:29:37.091926	z	released	jump
2023-04-13 12:29:37.278028	z	pressed	jump
2023-04-13 12:29:37.419009	z	released	jump
2023-04-13 12:29:37.529372	z	pressed	jump
2023-04-13 12:29:37.687180	z	released	jump
2023-04-13 12:29:37.858259	z	pressed	jump
2023-04-13 12:29:38.069631	z	released	jump
2023-04-13 12:29:38.249060	z	pressed	jump
2023-04-13 12:29:38.374497	z	released	jump
2023-04-13 12:29:38.578616	z	pressed	jump
2023-04-13 12:29:38.748331	z	released	jump
2023-04-13 12:29:38.893780	z	pressed	jump
2023-04-13 12:29:39.037141	z	released	jump
2023-04-13 12:29:39.224145	z	pressed	jump
2023-04-13 12:29:39.357267	z	released	jump
2023-04-13 12:29:39.678004	z	pressed	jump
2023-04-13 12:29:39.864124	z	released	jump
2023-04-13 12:29:40.242703	z	pressed	jump
2023-04-13 12:29:40.324412	z	released	jump
2023-04-13 12:29:40.587263	shift	pressed	dash
2023-04-13 12:29:40.729799	shift	released	dash
2023-04-13 12:29:41.106488	shift	pressed	dash
2023-04-13 12:29:41.240888	shift	released	dash
2023-04-13 12:29:41.381456	z	pressed	jump
2023-04-13 12:29:41.524196	z	released	jump
2023-04-13 12:29:41.736130	shift	pressed	dash
2023-04-13 12:29:41.890217	shift	released	dash
2023-04-13 12:29:42.014600	shift	pressed	dash
2023-04-13 12:29:42.116291	shift	released	dash
2023-04-13 12:29:42.290873	shift	pressed	dash
2023-04-13 12:29:42.387771	shift	released	dash
2023-04-13 12:29:42.625208	shift	pressed	dash
2023-04-13 12:29:42.758409	shift	released	dash
2023-04-13 12:29:42.824831	z	pressed	jump
2023-04-13 12:29:42.928394	z	released	jump
2023-04-13 12:29:46.427603	right	pressed	right
2023-04-13 12:29:47.767401	down	pressed	crouch
2023-04-13 12:29:48.145473	down	released	crouch
2023-04-13 12:29:48.480387	right	released	right
2023-04-13 12:29:48.604225	left	pressed	left
2023-04-13 12:29:48.741498	left	released	left
2023-04-13 12:29:48.755657	right	pressed	right
2023-04-13 12:29:48.876245	up	pressed	up
2023-04-13 12:29:48.947641	up	released	up
2023-04-13 12:29:48.953138	right	released	right
2023-04-13 12:29:49.067303	right	pressed	right
2023-04-13 12:29:49.228980	down	pressed	crouch
2023-04-13 12:29:49.783233	right	released	right
2023-04-13 12:29:49.787883	left	pressed	left
2023-04-13 12:29:49.960086	left	released	left
2023-04-13 12:29:50.050534	right	pressed	right
2023-04-13 12:29:51.055565	down	released	crouch
2023-04-13 12:29:51.069848	right	pressed	right
2023-04-13 12:29:51.498133	up	pressed	up
2023-04-13 12:29:52.764180	up	released	up
2023-04-13 12:29:52.935679	right	released	right
2023-04-13 12:29:52.973049	z	pressed	jump
2023-04-13 12:29:53.110010	z	released	jump
2023-04-13 12:29:53.591590	z	pressed	jump
2023-04-13 12:29:53.723873	z	released	jump
2023-04-13 12:29:57.818672	right	pressed	right
2023-04-13 12:29:58.007184	right	released	right
2023-04-13 12:29:58.054717	left	pressed	left
2023-04-13 12:29:58.141215	left	released	left
2023-04-13 12:29:58.167508	right	pressed	right
2023-04-13 12:29:58.344210	right	released	right
2023-04-13 12:29:58.469600	right	pressed	right
2023-04-13 12:29:58.545905	right	released	right
2023-04-13 12:29:59.603258	right	pressed	right
2023-04-13 12:30:00.223145	shift	pressed	dash
2023-04-13 12:30:00.369880	shift	released	dash
2023-04-13 12:30:00.534780	x	pressed	shoot
2023-04-13 12:30:00.608736	right	released	right
2023-04-13 12:30:00.625476	c	pressed	lock
2023-04-13 12:30:00.678346	right	pressed	right
2023-04-13 12:30:00.703096	up	pressed	up
2023-04-13 12:30:08.247042	right	released	right
2023-04-13 12:30:08.252975	up	pressed	up
2023-04-13 12:30:08.280293	up	released	up
2023-04-13 12:30:08.284211	c	released	lock
2023-04-13 12:30:08.289716	x	released	shoot
2023-04-13 12:30:08.290702	left	pressed	left
2023-04-13 12:30:08.413374	z	pressed	jump
2023-04-13 12:30:08.545225	left	released	left
2023-04-13 12:30:08.549357	z	released	jump
2023-04-13 12:30:08.551357	right	pressed	right
2023-04-13 12:30:08.746274	z	pressed	jump
2023-04-13 12:30:08.913825	z	released	jump
2023-04-13 12:30:08.940700	right	released	right
2023-04-13 12:30:08.943918	left	pressed	left
2023-04-13 12:30:09.296856	left	released	left
2023-04-13 12:30:09.362396	right	pressed	right
2023-04-13 12:30:09.458644	right	released	right
2023-04-13 12:30:09.491704	left	pressed	left
2023-04-13 12:30:09.608406	left	released	left
2023-04-13 12:30:09.610340	right	pressed	right
2023-04-13 12:30:09.691458	right	released	right
2023-04-13 12:30:09.775252	right	pressed	right
2023-04-13 12:30:09.807139	right	released	right
2023-04-13 12:30:09.892417	x	pressed	shoot
2023-04-13 12:30:10.662393	left	pressed	left
2023-04-13 12:30:10.919607	left	released	left
2023-04-13 12:30:11.025655	right	pressed	right
2023-04-13 12:30:11.138675	right	released	right
2023-04-13 12:30:11.353344	right	pressed	right
2023-04-13 12:30:11.463571	right	released	right
2023-04-13 12:30:11.527053	up	pressed	up
2023-04-13 12:30:11.530017	right	pressed	right
2023-04-13 12:30:11.551040	c	pressed	lock
2023-04-13 12:30:13.673108	right	released	right
2023-04-13 12:30:13.683734	c	pressed	lock
2023-04-13 12:30:13.693411	up	released	up
2023-04-13 12:30:13.696528	left	pressed	left
2023-04-13 12:30:13.910309	down	pressed	crouch
2023-04-13 12:30:14.338496	left	released	left
2023-04-13 12:30:14.410865	down	pressed	crouch
2023-04-13 12:30:14.812727	down	released	crouch
2023-04-13 12:30:14.831927	c	released	lock
2023-04-13 12:30:14.912040	x	released	shoot
2023-04-13 12:30:14.995280	down	pressed	crouch
2023-04-13 12:30:15.299732	x	pressed	shoot
2023-04-13 12:30:16.278334	down	released	crouch
2023-04-13 12:30:16.286256	x	pressed	shoot
2023-04-13 12:30:16.293460	left	pressed	left
2023-04-13 12:30:16.314397	x	released	shoot
2023-04-13 12:30:16.796599	left	pressed	left
2023-04-13 12:30:16.860077	left	released	left
2023-04-13 12:30:16.863628	right	pressed	right
2023-04-13 12:30:16.953431	x	pressed	shoot
2023-04-13 12:30:16.969288	right	released	right
2023-04-13 12:30:17.455827	x	pressed	shoot
2023-04-13 12:30:17.573574	right	pressed	right
2023-04-13 12:30:17.613212	x	released	shoot
2023-04-13 12:30:17.915656	up	pressed	up
2023-04-13 12:30:17.940639	x	pressed	shoot
2023-04-13 12:30:18.029539	right	released	right
2023-04-13 12:30:18.033398	x	released	shoot
2023-04-13 12:30:18.037213	c	pressed	lock
2023-04-13 12:30:18.088136	up	released	up
2023-04-13 12:30:18.090220	left	pressed	left
2023-04-13 12:30:18.111131	c	released	lock
2023-04-13 12:30:18.572427	left	released	left
2023-04-13 12:30:18.757000	z	pressed	jump
2023-04-13 12:30:18.913408	z	released	jump
2023-04-13 12:30:19.001533	left	pressed	left
2023-04-13 12:30:19.127588	right	pressed	right
2023-04-13 12:30:19.147924	left	released	left
2023-04-13 12:30:19.203166	right	released	right
2023-04-13 12:30:19.214364	x	pressed	shoot
2023-04-13 12:30:19.495273	x	released	shoot
2023-04-13 12:30:19.497997	right	pressed	right
2023-04-13 12:30:19.633047	z	pressed	jump
2023-04-13 12:30:19.742454	right	released	right
2023-04-13 12:30:19.834265	z	released	jump
2023-04-13 12:30:19.839230	left	pressed	left
2023-04-13 12:30:20.004035	left	released	left
2023-04-13 12:30:20.113144	z	pressed	jump
2023-04-13 12:30:20.131172	left	pressed	left
2023-04-13 12:30:20.284736	right	pressed	right
2023-04-13 12:30:20.301746	left	released	left
2023-04-13 12:30:20.323816	z	released	jump
2023-04-13 12:30:20.547694	right	released	right
2023-04-13 12:30:20.569516	left	pressed	left
2023-04-13 12:30:20.776149	left	released	left
2023-04-13 12:30:20.779063	right	pressed	right
2023-04-13 12:30:20.846407	x	pressed	shoot
2023-04-13 12:30:20.911177	right	released	right
2023-04-13 12:30:21.210964	c	pressed	lock
2023-04-13 12:30:21.248799	c	released	lock
2023-04-13 12:30:21.359802	right	pressed	right
2023-04-13 12:30:21.470501	right	released	right
2023-04-13 12:30:21.626505	right	pressed	right
2023-04-13 12:30:21.639703	right	released	right
2023-04-13 12:30:21.759198	right	pressed	right
2023-04-13 12:30:21.853529	right	released	right
2023-04-13 12:30:22.048586	x	released	shoot
2023-04-13 12:30:22.229967	z	pressed	jump
2023-04-13 12:30:22.300510	right	pressed	right
2023-04-13 12:30:22.444035	z	released	jump
2023-04-13 12:30:22.473406	right	released	right
2023-04-13 12:30:22.599404	down	pressed	crouch
2023-04-13 12:30:22.637222	down	released	crouch
2023-04-13 12:30:22.711693	down	pressed	crouch
2023-04-13 12:30:22.782971	c	pressed	lock
2023-04-13 12:30:23.047893	x	pressed	shoot
2023-04-13 12:30:23.155067	c	released	lock
2023-04-13 12:30:23.210003	c	pressed	lock
2023-04-13 12:30:23.972442	down	released	crouch
2023-04-13 12:30:23.985122	c	pressed	lock
2023-04-13 12:30:24.017294	right	pressed	right
2023-04-13 12:30:24.076915	right	released	right
2023-04-13 12:30:24.225067	c	released	lock
2023-04-13 12:30:24.441465	x	released	shoot
2023-04-13 12:30:24.455886	left	pressed	left
2023-04-13 12:30:24.726945	left	released	left
2023-04-13 12:30:24.757603	right	pressed	right
2023-04-13 12:30:24.867707	up	pressed	up
2023-04-13 12:30:24.996370	x	pressed	shoot
2023-04-13 12:30:25.107488	up	released	up
2023-04-13 12:30:25.113353	right	released	right
2023-04-13 12:30:25.115368	x	released	shoot
2023-04-13 12:30:25.239960	z	pressed	jump
2023-04-13 12:30:25.286104	left	pressed	left
2023-04-13 12:30:25.362107	z	released	jump
2023-04-13 12:30:25.458183	z	pressed	jump
2023-04-13 12:30:25.618093	z	released	jump
2023-04-13 12:30:25.968143	left	released	left
2023-04-13 12:30:25.972836	right	pressed	right
2023-04-13 12:30:26.047319	x	pressed	shoot
2023-04-13 12:30:26.119338	right	released	right
2023-04-13 12:30:26.384350	right	pressed	right
2023-04-13 12:30:26.582756	right	released	right
2023-04-13 12:30:26.779974	right	pressed	right
2023-04-13 12:30:26.863705	up	pressed	up
2023-04-13 12:30:26.958504	c	pressed	lock
2023-04-13 12:30:27.228154	c	released	lock
2023-04-13 12:30:27.360334	c	pressed	lock
2023-04-13 12:30:27.661881	c	released	lock
2023-04-13 12:30:27.777223	v	pressed	super
2023-04-13 12:30:27.896687	v	released	super
2023-04-13 12:30:28.000162	c	pressed	lock
2023-04-13 12:30:28.639859	c	released	lock
2023-04-13 12:30:28.755252	v	pressed	super
2023-04-13 12:30:28.836666	v	released	super
2023-04-13 12:30:28.909055	c	pressed	lock
2023-04-13 12:30:29.320550	right	released	right
2023-04-13 12:30:29.325206	left	pressed	left
2023-04-13 12:30:29.409262	up	released	up
2023-04-13 12:30:29.803079	c	released	lock
2023-04-13 12:30:29.823972	left	pressed	left
2023-04-13 12:30:29.825598	x	released	shoot
2023-04-13 12:30:29.853746	left	pressed	left
2023-04-13 12:30:29.914219	z	pressed	jump
2023-04-13 12:30:30.045441	z	released	jump
2023-04-13 12:30:30.498917	left	released	left
2023-04-13 12:30:30.499915	right	pressed	right
2023-04-13 12:30:30.566957	x	pressed	shoot
2023-04-13 12:30:30.679399	right	released	right
2023-04-13 12:30:30.913315	x	released	shoot
2023-04-13 12:30:30.994439	right	pressed	right
2023-04-13 12:30:31.063394	z	pressed	jump
2023-04-13 12:30:31.154725	right	released	right
2023-04-13 12:30:31.173860	z	released	jump
2023-04-13 12:30:31.280019	left	pressed	left
2023-04-13 12:30:31.366434	left	released	left
2023-04-13 12:30:31.526902	left	pressed	left
2023-04-13 12:30:31.528220	z	pressed	jump
2023-04-13 12:30:31.622763	right	pressed	right
2023-04-13 12:30:31.652693	left	released	left
2023-04-13 12:30:31.657699	z	released	jump
2023-04-13 12:30:31.865693	right	released	right
2023-04-13 12:30:31.885846	left	pressed	left
2023-04-13 12:30:32.074020	left	released	left
2023-04-13 12:30:32.131065	right	pressed	right
2023-04-13 12:30:32.218129	right	released	right
2023-04-13 12:30:32.400622	z	pressed	jump
2023-04-13 12:30:32.415581	right	pressed	right
2023-04-13 12:30:32.516527	z	released	jump
2023-04-13 12:30:32.629543	shift	pressed	dash
2023-04-13 12:30:32.773173	shift	released	dash
2023-04-13 12:30:32.777398	right	released	right
2023-04-13 12:30:32.816682	left	pressed	left
2023-04-13 12:30:33.591069	left	released	left
2023-04-13 12:30:33.594421	right	pressed	right
2023-04-13 12:30:33.794895	up	pressed	up
2023-04-13 12:30:33.914051	c	pressed	lock
2023-04-13 12:30:33.915525	x	pressed	shoot
2023-04-13 12:30:34.276689	c	released	lock
2023-04-13 12:30:34.278993	x	released	shoot
2023-04-13 12:30:34.352811	x	pressed	shoot
2023-04-13 12:30:34.370636	c	pressed	lock
2023-04-13 12:30:34.562152	c	released	lock
2023-04-13 12:30:34.643853	v	pressed	super
2023-04-13 12:30:34.748414	v	released	super
2023-04-13 12:30:34.895579	right	released	right
2023-04-13 12:30:34.913862	up	released	up
2023-04-13 12:30:34.961703	up	pressed	up
2023-04-13 12:30:34.965124	right	pressed	right
2023-04-13 12:30:35.008573	right	released	right
2023-04-13 12:30:35.031496	up	released	up
2023-04-13 12:30:35.055899	left	pressed	left
2023-04-13 12:30:35.072439	left	released	left
2023-04-13 12:30:35.222753	right	pressed	right
2023-04-13 12:30:35.242331	z	pressed	jump
2023-04-13 12:30:35.309279	left	pressed	left
2023-04-13 12:30:35.394431	right	released	right
2023-04-13 12:30:35.438981	z	released	jump
2023-04-13 12:30:35.781278	right	pressed	right
2023-04-13 12:30:35.808479	left	released	left
2023-04-13 12:30:35.861984	up	pressed	up
2023-04-13 12:30:36.059189	right	released	right
2023-04-13 12:30:36.099946	up	released	up
2023-04-13 12:30:36.104171	left	pressed	left
2023-04-13 12:30:36.323570	z	pressed	jump
2023-04-13 12:30:36.346084	left	released	left
2023-04-13 12:30:36.348108	right	pressed	right
2023-04-13 12:30:36.431266	z	released	jump
2023-04-13 12:30:36.458972	right	released	right
2023-04-13 12:30:36.469728	right	pressed	right
2023-04-13 12:30:36.608517	right	released	right
2023-04-13 12:30:36.644318	right	pressed	right
2023-04-13 12:30:36.724160	right	released	right
2023-04-13 12:30:36.941535	left	pressed	left
2023-04-13 12:30:37.028589	right	pressed	right
2023-04-13 12:30:37.075144	left	released	left
2023-04-13 12:30:37.080565	right	released	right
2023-04-13 12:30:37.114149	left	pressed	left
2023-04-13 12:30:37.128511	z	pressed	jump
2023-04-13 12:30:37.214821	z	released	jump
2023-04-13 12:30:37.673680	left	released	left
2023-04-13 12:30:37.696385	right	pressed	right
2023-04-13 12:30:37.832595	right	released	right
2023-04-13 12:30:38.796755	v	pressed	super
2023-04-13 12:30:38.886808	v	released	super
2023-04-13 12:30:39.400356	right	pressed	right
2023-04-13 12:30:39.578745	right	released	right
2023-04-13 12:30:39.631231	left	pressed	left
2023-04-13 12:30:39.782303	left	released	left
2023-04-13 12:30:39.913495	right	pressed	right
2023-04-13 12:30:39.954433	z	pressed	jump
2023-04-13 12:30:40.072405	z	released	jump
2023-04-13 12:30:40.106257	right	released	right
2023-04-13 12:30:40.211405	shift	pressed	dash
2023-04-13 12:30:40.333335	shift	released	dash
2023-04-13 12:30:40.393864	left	pressed	left
2023-04-13 12:30:40.630243	left	released	left
2023-04-13 12:30:40.666726	right	pressed	right
2023-04-13 12:30:40.715783	left	pressed	left
2023-04-13 12:30:40.731703	right	released	right
2023-04-13 12:30:40.852019	left	released	left
2023-04-13 12:30:40.932061	left	pressed	left
2023-04-13 12:30:40.934058	right	pressed	right
2023-04-13 12:30:40.959898	right	released	right
2023-04-13 12:30:41.107483	left	released	left
2023-04-13 12:30:41.220804	right	pressed	right
2023-04-13 12:30:41.352403	right	released	right
2023-04-13 12:30:41.528494	z	pressed	jump
2023-04-13 12:30:41.548862	left	pressed	left
2023-04-13 12:30:41.634191	z	released	jump
2023-04-13 12:30:41.668974	left	released	left
2023-04-13 12:30:41.924235	left	pressed	left
2023-04-13 12:30:41.941540	z	pressed	jump
2023-04-13 12:30:42.002311	left	released	left
2023-04-13 12:30:42.079646	z	released	jump
2023-04-13 12:30:42.114929	right	pressed	right
2023-04-13 12:30:42.226257	right	released	right
2023-04-13 12:30:42.230014	left	pressed	left
2023-04-13 12:30:42.506058	left	released	left
2023-04-13 12:30:42.507893	right	pressed	right
2023-04-13 12:30:42.754849	v	pressed	super
2023-04-13 12:30:42.840713	v	released	super
2023-04-13 12:30:43.193161	right	released	right
2023-04-13 12:30:43.196427	left	pressed	left
2023-04-13 12:30:43.574514	right	pressed	right
2023-04-13 12:30:43.599811	left	released	left
2023-04-13 12:30:44.055244	right	released	right
2023-04-13 12:30:44.155057	right	pressed	right
2023-04-13 12:30:44.299214	up	pressed	up
2023-04-13 12:30:44.329159	c	pressed	lock
2023-04-13 12:30:44.575696	right	released	right
2023-04-13 12:30:44.593528	up	released	up
2023-04-13 12:30:44.608477	c	released	lock
2023-04-13 12:30:44.694423	left	pressed	left
2023-04-13 12:30:44.695423	z	pressed	jump
2023-04-13 12:30:44.776737	left	released	left
2023-04-13 12:30:44.825307	z	released	jump
2023-04-13 12:30:45.041934	left	pressed	left
2023-04-13 12:30:45.368615	left	released	left
2023-04-13 12:30:45.370762	right	pressed	right
2023-04-13 12:30:45.593086	up	pressed	up
2023-04-13 12:30:45.666713	c	pressed	lock
2023-04-13 12:30:46.016529	c	released	lock
2023-04-13 12:30:46.106743	c	pressed	lock
2023-04-13 12:30:48.550812	right	released	right
2023-04-13 12:30:48.576379	c	pressed	lock
2023-04-13 12:30:48.591504	up	released	up
2023-04-13 12:30:48.595982	left	pressed	left
2023-04-13 12:30:48.606227	c	released	lock
2023-04-13 12:30:48.653243	z	pressed	jump
2023-04-13 12:30:48.959339	z	released	jump
2023-04-13 12:30:49.180418	left	released	left
2023-04-13 12:30:49.182072	right	pressed	right
2023-04-13 12:30:49.290503	right	released	right
2023-04-13 12:30:49.442133	right	pressed	right
2023-04-13 12:30:49.474320	right	released	right
2023-04-13 12:30:49.754038	left	pressed	left
2023-04-13 12:30:49.966982	left	released	left
2023-04-13 12:30:49.981760	right	pressed	right
2023-04-13 12:30:50.098696	right	released	right
2023-04-13 12:30:50.318816	left	pressed	left
2023-04-13 12:30:50.334489	z	pressed	jump
2023-04-13 12:30:50.466407	z	released	jump
2023-04-13 12:30:50.667214	left	released	left
2023-04-13 12:30:50.671052	right	pressed	right
2023-04-13 12:30:50.976811	right	released	right
2023-04-13 12:30:51.277507	left	pressed	left
2023-04-13 12:30:51.332113	left	released	left
2023-04-13 12:30:51.366950	right	pressed	right
2023-04-13 12:30:51.475301	right	released	right
2023-04-13 12:30:51.605302	left	pressed	left
2023-04-13 12:30:51.660342	left	released	left
2023-04-13 12:30:51.746289	right	pressed	right
2023-04-13 12:30:51.847858	right	released	right
2023-04-13 12:30:51.884100	right	pressed	right
2023-04-13 12:30:51.962101	right	released	right
2023-04-13 12:30:52.124232	right	pressed	right
2023-04-13 12:30:52.150496	right	released	right
2023-04-13 12:30:52.184187	left	pressed	left
2023-04-13 12:30:52.437332	left	released	left
2023-04-13 12:30:52.438922	up	pressed	up
2023-04-13 12:30:52.877157	right	pressed	right
2023-04-13 12:30:52.897529	up	released	up
2023-04-13 12:30:52.977017	right	released	right
2023-04-13 12:30:53.008254	up	pressed	up
2023-04-13 12:30:53.425864	up	released	up
2023-04-13 12:30:53.426869	left	pressed	left
2023-04-13 12:30:53.614516	left	released	left
2023-04-13 12:30:53.692522	left	pressed	left
2023-04-13 12:30:53.694522	z	pressed	jump
2023-04-13 12:30:53.746327	left	released	left
2023-04-13 12:30:53.829801	z	released	jump
2023-04-13 12:30:53.935141	right	pressed	right
2023-04-13 12:30:54.060002	right	released	right
2023-04-13 12:30:54.502528	left	pressed	left
2023-04-13 12:30:54.636057	left	released	left
2023-04-13 12:30:54.700772	right	pressed	right
2023-04-13 12:30:54.807461	right	released	right
2023-04-13 12:30:55.066841	left	pressed	left
2023-04-13 12:30:55.145397	left	released	left
2023-04-13 12:30:55.148907	up	pressed	up
2023-04-13 12:30:55.380115	up	released	up
2023-04-13 12:30:55.381824	right	pressed	right
2023-04-13 12:30:55.466701	right	released	right
2023-04-13 12:30:55.647673	left	pressed	left
2023-04-13 12:30:55.739573	left	released	left
2023-04-13 12:30:55.813228	right	pressed	right
2023-04-13 12:30:55.884927	right	released	right
2023-04-13 12:30:56.611318	left	pressed	left
2023-04-13 12:30:56.657156	z	pressed	jump
2023-04-13 12:30:56.777553	z	released	jump
2023-04-13 12:30:57.133769	right	pressed	right
2023-04-13 12:30:57.172173	left	released	left
2023-04-13 12:30:57.251924	right	released	right
2023-04-13 12:30:57.896110	left	pressed	left
2023-04-13 12:30:57.983125	left	released	left
2023-04-13 12:30:58.114610	left	pressed	left
2023-04-13 12:30:58.143709	left	released	left
2023-04-13 12:30:58.259460	right	pressed	right
2023-04-13 12:30:58.341236	right	released	right
2023-04-13 12:30:58.420745	right	pressed	right
2023-04-13 12:30:58.589943	z	pressed	jump
2023-04-13 12:30:58.662418	z	released	jump
2023-04-13 12:30:58.919078	right	released	right
2023-04-13 12:30:59.040645	right	pressed	right
2023-04-13 12:30:59.100603	right	released	right
2023-04-13 12:30:59.197394	right	pressed	right
2023-04-13 12:30:59.250722	right	released	right
2023-04-13 12:30:59.408220	left	pressed	left
2023-04-13 12:30:59.454153	left	released	left
2023-04-13 12:30:59.591634	left	pressed	left
2023-04-13 12:30:59.681237	left	released	left
2023-04-13 12:30:59.770094	shift	pressed	dash
2023-04-13 12:30:59.887600	shift	released	dash
2023-04-13 12:31:00.180745	left	pressed	left
2023-04-13 12:31:00.199264	left	released	left
2023-04-13 12:31:00.246574	right	pressed	right
2023-04-13 12:31:00.410931	right	released	right
2023-04-13 12:31:00.931173	left	pressed	left
2023-04-13 12:31:01.015812	left	released	left
2023-04-13 12:31:01.108935	z	pressed	jump
2023-04-13 12:31:01.126880	left	pressed	left
2023-04-13 12:31:01.143809	left	released	left
2023-04-13 12:31:01.158634	left	pressed	left
2023-04-13 12:31:01.215439	z	released	jump
2023-04-13 12:31:01.259020	left	released	left
2023-04-13 12:31:01.261076	right	pressed	right
2023-04-13 12:31:01.384379	right	released	right
2023-04-13 12:31:01.486717	right	pressed	right
2023-04-13 12:31:01.524688	z	pressed	jump
2023-04-13 12:31:01.747195	z	released	jump
2023-04-13 12:31:01.834850	right	released	right
2023-04-13 12:31:01.857937	left	pressed	left
2023-04-13 12:31:02.111777	left	released	left
2023-04-13 12:31:02.438257	x	released	shoot
2023-04-13 12:31:09.943641	alt_l	pressed	other
2023-04-13 12:31:10.021597	tab	pressed	other
2023-04-13 12:31:10.120192	tab	released	other
2023-04-13 12:31:11.219767	alt_l	released	other
2023-04-13 12:31:13.446816	delete	pressed	end
